FLWS,"1-800-FLOWERS.COM, Inc.",Consumer Services,Other Specialty Stores
WBAI,500.com Limited,Consumer Services,Services-Misc. Amusement & Recreation
AHC,A.H. Belo Corporation,Consumer Services,Newspapers/Magazines
ANF,Abercrombie & Fitch Company,Consumer Services,Clothing/Shoe/Accessory Stores
AKR,Acadia Realty Trust,Consumer Services,Real Estate Investment Trusts
ACEL,"Accel Entertainment, Inc.",Consumer Services,Services-Misc. Amusement & Recreation
ATV,"Acorn International, Inc.",Consumer Services,Other Specialty Stores
AEY,"ADDvantage Technologies Group, Inc.",Consumer Services,Office Equipment/Supplies/Services
ADT,ADT Inc.,Consumer Services,Diversified Commercial Services
ATGE,Adtalem Global Education Inc.,Consumer Services,Other Consumer Services
AAP,Advance Auto Parts Inc,Consumer Services,Other Specialty Stores
ACM,AECOM,Consumer Services,Military/Government/Technical
AFYA,Afya Limited,Consumer Services,Other Consumer Services
AGNC,AGNC Investment Corp.,Consumer Services,Real Estate Investment Trusts
AGNCM,AGNC Investment Corp.,Consumer Services,Real Estate Investment Trusts
AGNCN,AGNC Investment Corp.,Consumer Services,Real Estate Investment Trusts
AGNCO,AGNC Investment Corp.,Consumer Services,Real Estate Investment Trusts
ADC,Agree Realty Corporation,Consumer Services,Real Estate Investment Trusts
SONG,Akazoo S.A.,Consumer Services,Broadcasting
SONGW,Akazoo S.A.,Consumer Services,Broadcasting
ALEX,"Alexander & Baldwin, Inc.",Consumer Services,Real Estate Investment Trusts
ALX,"Alexander&#39;s, Inc.",Consumer Services,Real Estate Investment Trusts
ARE,"Alexandria Real Estate Equities, Inc.",Consumer Services,Real Estate Investment Trusts
ALLE,Allegion plc,Consumer Services,Diversified Commercial Services
AESE,"Allied Esports Entertainment, Inc.",Consumer Services,Services-Misc. Amusement & Recreation
PINE,"Alpine Income Property Trust, Inc.",Consumer Services,Real Estate Investment Trusts
ATUS,"Altice USA, Inc.",Consumer Services,Television Services
ASPS,Altisource Portfolio Solutions S.A.,Consumer Services,Other Consumer Services
AMZN,"Amazon.com, Inc.",Consumer Services,Catalog/Specialty Distribution
AMBO,Ambow Education Holding Ltd.,Consumer Services,Other Consumer Services
AMC,"AMC Entertainment Holdings, Inc.",Consumer Services,Movies/Entertainment
AMCX,AMC Networks Inc.,Consumer Services,Television Services
UHAL,Amerco,Consumer Services,Rental/Leasing Companies
AAT,"American Assets Trust, Inc.",Consumer Services,Real Estate Investment Trusts
ACC,American Campus Communities Inc,Consumer Services,Real Estate Investment Trusts
AEO,"American Eagle Outfitters, Inc.",Consumer Services,Clothing/Shoe/Accessory Stores
AFIN,"American Finance Trust, Inc.",Consumer Services,Real Estate Investment Trusts
AFINP,"American Finance Trust, Inc.",Consumer Services,Real Estate Investment Trusts
AMH,American Homes 4 Rent,Consumer Services,Real Estate Investment Trusts
APEI,"American Public Education, Inc.",Consumer Services,Other Consumer Services
AREC,American Resources Corporation,Consumer Services,Other Consumer Services
AMT,American Tower Corporation (REIT),Consumer Services,Real Estate Investment Trusts
COLD,Americold Realty Trust,Consumer Services,Real Estate Investment Trusts
AXR,AMREP Corporation,Consumer Services,Newspapers/Magazines
ANGI,ANGI Homeservices Inc.,Consumer Services,Advertising
NLY,Annaly Capital Management Inc,Consumer Services,Real Estate Investment Trusts
ANH,Anworth Mortgage Asset  Corporation,Consumer Services,Real Estate Investment Trusts
AIV,Apartment Investment and Management Company,Consumer Services,Real Estate Investment Trusts
ARI,Apollo Commercial Real Estate Finance,Consumer Services,Real Estate Investment Trusts
AMEH,"Apollo Medical Holdings, Inc.",Consumer Services,Professional Services
APLE,"Apple Hospitality REIT, Inc.",Consumer Services,Real Estate Investment Trusts
APDN,"Applied DNA Sciences, Inc.",Consumer Services,Other Consumer Services
ARMK,Aramark,Consumer Services,Restaurants
ABR,Arbor Realty Trust,Consumer Services,Real Estate Investment Trusts
ARC,"ARC Document Solutions, Inc.",Consumer Services,Professional Services
ARCE,Arco Platform Limited,Consumer Services,Other Consumer Services
ARCO,Arcos Dorados Holdings Inc.,Consumer Services,Restaurants
ACRE,Ares Commercial Real Estate Corporation,Consumer Services,Real Estate Investment Trusts
ARKR,Ark Restaurants Corp.,Consumer Services,Restaurants
AI,Arlington Asset Investment Corp,Consumer Services,Real Estate Investment Trusts
AIC,Arlington Asset Investment Corp,Consumer Services,Real Estate Investment Trusts
AIW,Arlington Asset Investment Corp,Consumer Services,Real Estate Investment Trusts
ARR,"ARMOUR Residential REIT, Inc.",Consumer Services,Real Estate Investment Trusts
ASNA,"Ascena Retail Group, Inc.",Consumer Services,Clothing/Shoe/Accessory Stores
AHT,Ashford Hospitality Trust Inc,Consumer Services,Real Estate Investment Trusts
AINC,Ashford Inc.,Consumer Services,Professional Services
ASPN,"Aspen Aerogels, Inc.",Consumer Services,RETAIL: Building Materials
ASPU,Aspen Group Inc.,Consumer Services,Other Consumer Services
HOME,At Home Group Inc.,Consumer Services,Home Furnishings
AACG,ATA Creativity Global,Consumer Services,Other Consumer Services
ATIF,ATIF Holdings Limited,Consumer Services,Professional Services
AZO,"AutoZone, Inc.",Consumer Services,Other Specialty Stores
AVCO,Avalon GloboCare Corp.,Consumer Services,Professional Services
AVB,"AvalonBay Communities, Inc.",Consumer Services,Real Estate Investment Trusts
CAR,"Avis Budget Group, Inc.",Consumer Services,Rental/Leasing Companies
BCOM,B Communications Ltd.,Consumer Services,Telecommunications Equipment
BZUN,Baozun Inc.,Consumer Services,Catalog/Specialty Distribution
MPV,Barings Participation Investors,Consumer Services,Miscellaneous
BNED,"Barnes & Noble Education, Inc",Consumer Services,Other Specialty Stores
BBQ,"BBQ Holdings, Inc. ",Consumer Services,Restaurants
BECN,"Beacon Roofing Supply, Inc.",Consumer Services,RETAIL: Building Materials
BBGI,"Beasley Broadcast Group, Inc.",Consumer Services,Broadcasting
BBBY,Bed Bath & Beyond Inc.,Consumer Services,Home Furnishings
BBY,"Best Buy Co., Inc.",Consumer Services,Consumer Electronics/Video Chains
BGFV,Big 5 Sporting Goods Corporation,Consumer Services,Other Specialty Stores
BIG,"Big Lots, Inc.",Consumer Services,Department/Specialty Retail Stores
BH,Biglari Holdings Inc.,Consumer Services,Restaurants
BHTG,"BioHiTech Global, Inc.",Consumer Services,Other Consumer Services
BGI,Birks Group Inc.,Consumer Services,Consumer Specialties
BJRI,"BJ&#39;s Restaurants, Inc.",Consumer Services,Restaurants
BJ,"BJ&#39;s Wholesale Club Holdings, Inc.",Consumer Services,Department/Specialty Retail Stores
BLMN,"Bloomin&#39; Brands, Inc.",Consumer Services,Restaurants
APRN,"Blue Apron Holdings, Inc.",Consumer Services,Catalog/Specialty Distribution
BRG,"Bluerock Residential Growth REIT, Inc.",Consumer Services,Real Estate Investment Trusts
BMCH,"BMC Stock Holdings, Inc.",Consumer Services,RETAIL: Building Materials
WIFI,"Boingo Wireless, Inc.",Consumer Services,Telecommunications Equipment
BCC,"Boise Cascade, L.L.C.",Consumer Services,RETAIL: Building Materials
BKNG,Booking Holdings Inc.,Consumer Services,Transportation Services
BOOT,"Boot Barn Holdings, Inc.",Consumer Services,Clothing/Shoe/Accessory Stores
BAH,Booz Allen Hamilton Holding Corporation,Consumer Services,Professional Services
BXP,"Boston Properties, Inc.",Consumer Services,Real Estate Investment Trusts
BYD,Boyd Gaming Corporation,Consumer Services,Hotels/Resorts
BHR,Braemar Hotels & Resorts Inc.,Consumer Services,Real Estate Investment Trusts
BDN,Brandywine Realty Trust,Consumer Services,Real Estate Investment Trusts
BEDU,Bright Scholar Education Holdings Limited,Consumer Services,Other Consumer Services
EAT,"Brinker International, Inc.",Consumer Services,Restaurants
BRX,Brixmor Property Group Inc.,Consumer Services,Real Estate Investment Trusts
BRMK,Broadmark Realty Capital Inc.,Consumer Services,Real Estate Investment Trusts
BAM,Brookfield Asset Management Inc,Consumer Services,Building operators
BIP,Brookfield Infrastructure Partners LP,Consumer Services,Marine Transportation
BPR,Brookfield Property REIT Inc.,Consumer Services,Real Estate Investment Trusts
BPRAP,Brookfield Property REIT Inc.,Consumer Services,Real Estate Investment Trusts
BRT,BRT Apartments Corp.,Consumer Services,Real Estate Investment Trusts
BKE,"Buckle, Inc. (The)",Consumer Services,Clothing/Shoe/Accessory Stores
BBW,"Build-A-Bear Workshop, Inc.",Consumer Services,Recreational Products/Toys
BLDR,"Builders FirstSource, Inc.",Consumer Services,RETAIL: Building Materials
BURL,"Burlington Stores, Inc.",Consumer Services,Department/Specialty Retail Stores
CABO,"Cable One, Inc.",Consumer Services,Television Services
CZR,Caesars Entertainment Corporation,Consumer Services,Hotels/Resorts
CALX,"Calix, Inc",Consumer Services,Telecommunications Equipment
CPT,Camden Property Trust,Consumer Services,Real Estate Investment Trusts
CNNE,"Cannae Holdings, Inc.",Consumer Services,Restaurants
CPHC,Canterbury Park Holding Corporation,Consumer Services,Services-Misc. Amusement & Recreation
BXMT,"Capital Trust, Inc.",Consumer Services,Real Estate Investment Trusts
CMO,Capstead Mortgage Corporation,Consumer Services,Real Estate Investment Trusts
CRCM,"Care.com, Inc.",Consumer Services,Other Consumer Services
CTRE,"CareTrust REIT, Inc.",Consumer Services,Real Estate Investment Trusts
CCL,Carnival Corporation,Consumer Services,Marine Transportation
CUK,Carnival Corporation,Consumer Services,Marine Transportation
CSV,"Carriage Services, Inc.",Consumer Services,Other Consumer Services
TAST,"Carrols Restaurant Group, Inc.",Consumer Services,Restaurants
CTT           ,"CatchMark Timber Trust, Inc.",Consumer Services,Real Estate Investment Trusts
CATO,Cato Corporation (The),Consumer Services,Clothing/Shoe/Accessory Stores
CBL,"CBL & Associates Properties, Inc.",Consumer Services,Real Estate Investment Trusts
CDW,CDW Corporation,Consumer Services,Catalog/Specialty Distribution
FUN,"Cedar Fair, L.P.",Consumer Services,Services-Misc. Amusement & Recreation
CDR,"Cedar Realty Trust, Inc.",Consumer Services,Real Estate Investment Trusts
CETV,Central European Media Enterprises Ltd.,Consumer Services,Broadcasting
CNTY,"Century Casinos, Inc.",Consumer Services,Hotels/Resorts
GIB,CGI Inc.,Consumer Services,Professional Services
BURG,"Chanticleer Holdings, Inc.",Consumer Services,Restaurants
CHTR,"Charter Communications, Inc.",Consumer Services,Television Services
CLDT,Chatham Lodging Trust (REIT),Consumer Services,Real Estate Investment Trusts
CHGG,"Chegg, Inc.",Consumer Services,Other Consumer Services
CHMI,Cherry Hill Mortgage Investment Corporation,Consumer Services,Real Estate Investment Trusts
CHWY,"Chewy, Inc.",Consumer Services,Catalog/Specialty Distribution
CSSE,"Chicken Soup for the Soul Entertainment, Inc.",Consumer Services,Movies/Entertainment
CSSEP,"Chicken Soup for the Soul Entertainment, Inc.",Consumer Services,Movies/Entertainment
CHS,"Chico&#39;s FAS, Inc.",Consumer Services,Clothing/Shoe/Accessory Stores
PLCE,"Children&#39;s Place, Inc. (The)",Consumer Services,Clothing/Shoe/Accessory Stores
CIM,Chimera Investment Corporation,Consumer Services,Real Estate Investment Trusts
DL,China Distance Education Holdings Limited,Consumer Services,Other Consumer Services
CIFS,China Internet Nationwide Financial Services Inc.,Consumer Services,Professional Services
COE,China Online Education Group,Consumer Services,Other Consumer Services
CMG,"Chipotle Mexican Grill, Inc.",Consumer Services,Restaurants
CHH,"Choice Hotels International, Inc.",Consumer Services,Hotels/Resorts
CHSCL,CHS Inc,Consumer Services,Farming/Seeds/Milling
CHSCM,CHS Inc,Consumer Services,Farming/Seeds/Milling
CHSCN,CHS Inc,Consumer Services,Farming/Seeds/Milling
CHSCO,CHS Inc,Consumer Services,Farming/Seeds/Milling
CHSCP,CHS Inc,Consumer Services,Farming/Seeds/Milling
CHDN,"Churchill Downs, Incorporated",Consumer Services,Services-Misc. Amusement & Recreation
CHUY,"Chuy&#39;s Holdings, Inc.",Consumer Services,Restaurants
CMCT,CIM Commercial Trust Corporation,Consumer Services,Real Estate Investment Trusts
CMCTP,CIM Commercial Trust Corporation,Consumer Services,Real Estate Investment Trusts
CIDM,Cinedigm Corp,Consumer Services,Consumer Electronics/Video Chains
CNK,Cinemark Holdings Inc,Consumer Services,Movies/Entertainment
CTRN,"Citi Trends, Inc.",Consumer Services,Clothing/Shoe/Accessory Stores
CIO,"City Office REIT, Inc.",Consumer Services,Real Estate Investment Trusts
CVEO,Civeo Corporation,Consumer Services,Hotels/Resorts
CCO,"Clear Channel Outdoor Holdings, Inc.",Consumer Services,Advertising
CLPR,Clipper Realty Inc.,Consumer Services,Real Estate Investment Trusts
CCOI,"Cogent Communications Holdings, Inc.",Consumer Services,Telecommunications Equipment
CLNY,"Colony Capital, Inc.",Consumer Services,Real Estate Investment Trusts
CLNC,"Colony Credit Real Estate, Inc.",Consumer Services,Real Estate Investment Trusts
CXP,"Columbia Property Trust, Inc.",Consumer Services,Real Estate Investment Trusts
CCZ,Comcast Corporation,Consumer Services,Television Services
CMCSA,Comcast Corporation,Consumer Services,Television Services
CHCT,Community Healthcare Trust Incorporated,Consumer Services,Real Estate Investment Trusts
CBD,Companhia Brasileira de Distribuicao,Consumer Services,Food Chains
CDOR,"Condor Hospitality Trust, Inc.",Consumer Services,Real Estate Investment Trusts
CONN,"Conn&#39;s, Inc.",Consumer Services,Consumer Electronics/Video Chains
TCS,Container Store (The),Consumer Services,Home Furnishings
CXW,"CoreCivic, Inc.",Consumer Services,Real Estate Investment Trusts
CORR,"CorEnergy Infrastructure Trust, Inc.",Consumer Services,Real Estate Investment Trusts
CPLG,CorePoint Lodging Inc.,Consumer Services,Real Estate Investment Trusts
COR,CoreSite Realty Corporation,Consumer Services,Real Estate Investment Trusts
OFC,Corporate Office Properties Trust,Consumer Services,Real Estate Investment Trusts
COST,Costco Wholesale Corporation,Consumer Services,Department/Specialty Retail Stores
CUZ,Cousins Properties Incorporated,Consumer Services,Real Estate Investment Trusts
CBRL,"Cracker Barrel Old Country Store, Inc.",Consumer Services,Restaurants
CEQP,Crestwood Equity Partners LP,Consumer Services,Other Consumer Services
CCI,Crown Castle International Corporation,Consumer Services,Real Estate Investment Trusts
CSS,"CSS Industries, Inc.",Consumer Services,Consumer: Greeting Cards
CUBE,CubeSmart,Consumer Services,Real Estate Investment Trusts
CMLS,Cumulus Media Inc.,Consumer Services,Broadcasting
CONE,CyrusOne Inc,Consumer Services,Real Estate Investment Trusts
DJCO,Daily Journal Corp. (S.C.),Consumer Services,Newspapers/Magazines
DRI,"Darden Restaurants, Inc.",Consumer Services,Restaurants
DSKE,"Daseke, Inc.",Consumer Services,Transportation Services
DSKEW,"Daseke, Inc.",Consumer Services,Transportation Services
PLAY,"Dave & Buster&#39;s Entertainment, Inc.",Consumer Services,Restaurants
TACO,"Del Taco Restaurants, Inc.",Consumer Services,Restaurants
TACOW,"Del Taco Restaurants, Inc.",Consumer Services,Restaurants
DENN,Denny&#39;s Corporation,Consumer Services,Restaurants
DBI,Designer Brands Inc.,Consumer Services,Clothing/Shoe/Accessory Stores
DESP,"Despegar.com, Corp.",Consumer Services,Transportation Services
DXLG,"Destination XL Group, Inc.",Consumer Services,Clothing/Shoe/Accessory Stores
DSSI,Diamond S Shipping Inc.,Consumer Services,Transportation Services
DRH,Diamondrock Hospitality Company,Consumer Services,Real Estate Investment Trusts
DKS,Dick&#39;s Sporting Goods Inc,Consumer Services,Other Specialty Stores
DLR,"Digital Realty Trust, Inc.",Consumer Services,Real Estate Investment Trusts
DDS,"Dillard&#39;s, Inc.",Consumer Services,Department/Specialty Retail Stores
DDT,"Dillard&#39;s, Inc.",Consumer Services,Department/Specialty Retail Stores
DIN,"Dine Brands Global, Inc.",Consumer Services,Restaurants
DISCA,"Discovery, Inc.",Consumer Services,Television Services
DISCB,"Discovery, Inc.",Consumer Services,Television Services
DISCK,"Discovery, Inc.",Consumer Services,Television Services
DISH,DISH Network Corporation,Consumer Services,Television Services
DHC,Diversified Healthcare Trust ,Consumer Services,Real Estate Investment Trusts
DHCNI,Diversified Healthcare Trust ,Consumer Services,Real Estate Investment Trusts
DHCNL,Diversified Healthcare Trust ,Consumer Services,Real Estate Investment Trusts
SAUC,"Diversified Restaurant Holdings, Inc.",Consumer Services,Restaurants
DG,Dollar General Corporation,Consumer Services,Department/Specialty Retail Stores
DLTR,"Dollar Tree, Inc.",Consumer Services,Department/Specialty Retail Stores
DLPN,"Dolphin Entertainment, Inc.",Consumer Services,Other Consumer Services
DLPNW,"Dolphin Entertainment, Inc.",Consumer Services,Other Consumer Services
DFIN,"Donnelley Financial Solutions, Inc.",Consumer Services,Other Consumer Services
DEI,"Douglas Emmett, Inc.",Consumer Services,Real Estate Investment Trusts
DVD,"Dover Motorsports, Inc.",Consumer Services,Services-Misc. Amusement & Recreation
DS,Drive Shack Inc.,Consumer Services,Restaurants
DCAR,"DropCar, Inc.",Consumer Services,Telecommunications Equipment
DRE,Duke Realty Corporation,Consumer Services,Real Estate Investment Trusts
DLTH,Duluth Holdings Inc.,Consumer Services,Clothing/Shoe/Accessory Stores
DNKN,"Dunkin&#39; Brands Group, Inc.",Consumer Services,Restaurants
DLNG,Dynagas LNG Partners LP,Consumer Services,Marine Transportation
DX,"Dynex Capital, Inc.",Consumer Services,Real Estate Investment Trusts
SSP,E.W. Scripps Company (The),Consumer Services,Broadcasting
DEA,"Easterly Government Properties, Inc.",Consumer Services,Real Estate Investment Trusts
EGP,"EastGroup Properties, Inc.",Consumer Services,Real Estate Investment Trusts
MOHO,ECMOHO Limited,Consumer Services,Catalog/Specialty Distribution
LOCO,"El Pollo Loco Holdings, Inc.",Consumer Services,Restaurants
ERI,"Eldorado Resorts, Inc.",Consumer Services,Hotels/Resorts
EARN,Ellington Residential Mortgage REIT,Consumer Services,Real Estate Investment Trusts
EMMS,Emmis Communications Corporation,Consumer Services,Broadcasting
ESRT,"Empire State Realty Trust, Inc.",Consumer Services,Real Estate Investment Trusts
ENG,ENGlobal Corporation,Consumer Services,Military/Government/Technical
EBF,"Ennis, Inc.",Consumer Services,Office Equipment/Supplies/Services
ETM,Entercom Communications Corp.,Consumer Services,Broadcasting
EVC,Entravision Communications Corporation,Consumer Services,Broadcasting
ELA,Envela Corporation,Consumer Services,Consumer Specialties
EPR,EPR Properties,Consumer Services,Real Estate Investment Trusts
EQIX,"Equinix, Inc.",Consumer Services,Real Estate Investment Trusts
EQC,Equity Commonwealth,Consumer Services,Real Estate Investment Trusts
ELS,"Equity Lifestyle Properties, Inc.",Consumer Services,Real Estate Investment Trusts
EQR,Equity Residential,Consumer Services,Real Estate Investment Trusts
EROS,Eros International PLC,Consumer Services,Movies/Entertainment
EPRT,"Essential Properties Realty Trust, Inc.",Consumer Services,Real Estate Investment Trusts
ESS,"Essex Property Trust, Inc.",Consumer Services,Real Estate Investment Trusts
EDRY,EuroDry Ltd.,Consumer Services,Marine Transportation
EVRI,Everi Holdings Inc.,Consumer Services,Services-Misc. Amusement & Recreation
EVI,"EVI Industries, Inc.",Consumer Services,Other Consumer Services
EVH,"Evolent Health, Inc",Consumer Services,Other Consumer Services
XAN,Exantas Capital Corp.,Consumer Services,Real Estate Investment Trusts
EXPE,"Expedia Group, Inc.",Consumer Services,Transportation Services
EXPO,"Exponent, Inc.",Consumer Services,Professional Services
EXPR,"Express, Inc.",Consumer Services,Clothing/Shoe/Accessory Stores
STAY,"Extended Stay America, Inc.",Consumer Services,Hotels/Resorts
EXR,Extra Space Storage Inc,Consumer Services,Real Estate Investment Trusts
EZPW,"EZCORP, Inc.",Consumer Services,Other Specialty Stores
FPI,Farmland Partners Inc.,Consumer Services,Real Estate Investment Trusts
FAST,Fastenal Company,Consumer Services,RETAIL: Building Materials
FAT,FAT Brands Inc.,Consumer Services,Restaurants
FRT,Federal Realty Investment Trust,Consumer Services,Real Estate Investment Trusts
FRGI,"Fiesta Restaurant Group, Inc.",Consumer Services,Restaurants
FR,"First Industrial Realty Trust, Inc.",Consumer Services,Real Estate Investment Trusts
FCFS,"FirstCash, Inc.",Consumer Services,Other Specialty Stores
FIVE,"Five Below, Inc.",Consumer Services,Department/Specialty Retail Stores
BDL,"Flanigan&#39;s Enterprises, Inc.",Consumer Services,Restaurants
FLNG,FLEX LNG Ltd.,Consumer Services,Marine Transportation
FND,"Floor & Decor Holdings, Inc.",Consumer Services,RETAIL: Building Materials
FLNT,"Fluent, Inc.",Consumer Services,Advertising
FL,"Foot Locker, Inc.",Consumer Services,Clothing/Shoe/Accessory Stores
FORR,"Forrester Research, Inc.",Consumer Services,Diversified Commercial Services
FBM,"Foundation Building Materials, Inc.",Consumer Services,RETAIL: Building Materials
FCPT,"Four Corners Property Trust, Inc.",Consumer Services,Real Estate Investment Trusts
FEDU,Four Seasons Education (Cayman) Inc.,Consumer Services,Other Consumer Services
FOX,Fox Corporation,Consumer Services,Broadcasting
FOXA,Fox Corporation,Consumer Services,Broadcasting
FRAN,Francesca&#39;s Holdings Corporation,Consumer Services,Clothing/Shoe/Accessory Stores
FC,Franklin Covey Company,Consumer Services,Other Consumer Services
FSP,Franklin Street Properties Corp.,Consumer Services,Real Estate Investment Trusts
FCN,"FTI Consulting, Inc.",Consumer Services,Professional Services
FLL,"Full House Resorts, Inc.",Consumer Services,Hotels/Resorts
GAIA,"Gaia, Inc.",Consumer Services,Movies/Entertainment
GME,Gamestop Corporation,Consumer Services,Electronics Distribution
GLPI,"Gaming and Leisure Properties, Inc.",Consumer Services,Real Estate Investment Trusts
GCI,"Gannett Co., Inc.",Consumer Services,Newspapers/Magazines
GPS,"Gap, Inc. (The)",Consumer Services,Clothing/Shoe/Accessory Stores
IT,"Gartner, Inc.",Consumer Services,Other Consumer Services
GLOG,GasLog LP.,Consumer Services,Marine Transportation
GLOP,GasLog Partners LP,Consumer Services,Marine Transportation
GATX,GATX Corporation,Consumer Services,Transportation Services
GMTA,GATX Corporation,Consumer Services,Transportation Services
GCO,Genesco Inc.,Consumer Services,Clothing/Shoe/Accessory Stores
GNUS,"Genius Brands International, Inc.",Consumer Services,Movies/Entertainment
G,Genpact Limited,Consumer Services,Professional Services
GEO,Geo Group Inc (The),Consumer Services,Real Estate Investment Trusts
GOOD,Gladstone Commercial Corporation,Consumer Services,Real Estate
GOODM,Gladstone Commercial Corporation,Consumer Services,Real Estate
GOODN,Gladstone Commercial Corporation,Consumer Services,Real Estate
LAND,Gladstone Land Corporation,Consumer Services,Real Estate Investment Trusts
LANDP,Gladstone Land Corporation,Consumer Services,Real Estate Investment Trusts
ENT,Global Eagle Entertainment Inc.,Consumer Services,Telecommunications Equipment
GMRE,Global Medical REIT Inc.,Consumer Services,Real Estate Investment Trusts
GNL,"Global Net Lease, Inc.",Consumer Services,Real Estate Investment Trusts
SELF,"Global Self Storage, Inc.",Consumer Services,Real Estate Investment Trusts
GSAT,"Globalstar, Inc.",Consumer Services,Telecommunications Equipment
GMS,GMS Inc.,Consumer Services,RETAIL: Building Materials
GOGO,Gogo Inc.,Consumer Services,Telecommunications Equipment
GLNG,Golar LNG Limited,Consumer Services,Marine Transportation
GMLP,Golar LNG Partners LP,Consumer Services,Marine Transportation
GMLPP,Golar LNG Partners LP,Consumer Services,Marine Transportation
GDEN,"Golden Entertainment, Inc.",Consumer Services,Services-Misc. Amusement & Recreation
GOGL,Golden Ocean Group Limited,Consumer Services,Marine Transportation
GTIM,Good Times Restaurants Inc.,Consumer Services,Restaurants
GRSH,"Gores Holdings III, Inc.",Consumer Services,Diversified Commercial Services
GRSHU,"Gores Holdings III, Inc.",Consumer Services,Diversified Commercial Services
GRSHW,"Gores Holdings III, Inc.",Consumer Services,Diversified Commercial Services
GPX,GP Strategies Corporation,Consumer Services,Other Consumer Services
GHC,Graham Holdings Company,Consumer Services,Other Consumer Services
LOPE,"Grand Canyon Education, Inc.",Consumer Services,Other Consumer Services
GPMT,Granite Point Mortgage Trust Inc.,Consumer Services,Real Estate Investment Trusts
GTN,"Gray Television, Inc.",Consumer Services,Broadcasting
AJX,Great Ajax Corp.,Consumer Services,Real Estate Investment Trusts
AJXA,Great Ajax Corp.,Consumer Services,Real Estate Investment Trusts
GHG,GreenTree Hospitality Group Ltd.,Consumer Services,Hotels/Resorts
GO,Grocery Outlet Holding Corp.,Consumer Services,Food Chains
GRWG,GrowGeneration Corp.,Consumer Services,RETAIL: Building Materials
TV,Grupo Televisa S.A.,Consumer Services,Broadcasting
GSX,GSX Techedu Inc.,Consumer Services,Other Consumer Services
GYRO,"Gyrodyne , LLC",Consumer Services,Building operators
HRB,"H&R Block, Inc.",Consumer Services,Other Consumer Services
HLG,Hailiang Education Group Inc.,Consumer Services,Other Consumer Services
HBI,Hanesbrands Inc.,Consumer Services,Clothing/Shoe/Accessory Stores
HASI,"Hannon Armstrong Sustainable Infrastructure Capital, Inc.",Consumer Services,Real Estate Investment Trusts
HSC,Harsco Corporation,Consumer Services,Diversified Commercial Services
HVT,"Haverty Furniture Companies, Inc.",Consumer Services,Other Specialty Stores
HDS,"HD Supply Holdings, Inc.",Consumer Services,Office Equipment/Supplies/Services
HR,Healthcare Realty Trust Incorporated,Consumer Services,Real Estate Investment Trusts
HTA,"Healthcare Trust of America, Inc.",Consumer Services,Real Estate Investment Trusts
HTIA,"Healthcare Trust, Inc.",Consumer Services,Real Estate Investment Trusts
PEAK,"Healthpeak Properties, Inc.",Consumer Services,Real Estate Investment Trusts
HMTV,"Hemisphere Media Group, Inc.",Consumer Services,Television Services
HT,Hersha Hospitality Trust,Consumer Services,Real Estate Investment Trusts
HTZ,"Hertz Global Holdings, Inc",Consumer Services,Rental/Leasing Companies
HIBB,"Hibbett Sports, Inc.",Consumer Services,Other Specialty Stores
HIW,"Highwoods Properties, Inc.",Consumer Services,Real Estate Investment Trusts
HIL,"Hill International, Inc.",Consumer Services,Military/Government/Technical
HGV,Hilton Grand Vacations Inc.,Consumer Services,Hotels/Resorts
HLT,Hilton Worldwide Holdings Inc.,Consumer Services,Hotels/Resorts
HMG,"HMG/Courtland Properties, Inc.",Consumer Services,Real Estate Investment Trusts
HMLP,Hoegh LNG Partners LP,Consumer Services,Marine Transportation
HD,"Home Depot, Inc. (The)",Consumer Services,RETAIL: Building Materials
HST,"Host Hotels & Resorts, Inc.",Consumer Services,Real Estate Investment Trusts
HMHC,Houghton Mifflin Harcourt Company,Consumer Services,Books
HHC,Howard Hughes Corporation (The),Consumer Services,Real Estate Investment Trusts
HTHT,Huazhu Group Limited,Consumer Services,Hotels/Resorts
HUD,Hudson Ltd.,Consumer Services,Department/Specialty Retail Stores
HCFT,"Hunt Companies Finance Trust, Inc.",Consumer Services,Real Estate Investment Trusts
HURN,Huron Consulting Group Inc.,Consumer Services,Professional Services
HBP,"Huttig Building Products, Inc.",Consumer Services,RETAIL: Building Materials
H,Hyatt Hotels Corporation,Consumer Services,Hotels/Resorts
HYRE,HyreCar Inc.,Consumer Services,Rental/Leasing Companies
IAC,IAC/InterActiveCorp,Consumer Services,Other Specialty Stores
ICFI,"ICF International, Inc.",Consumer Services,Professional Services
IDEX,"Ideanomics, Inc.",Consumer Services,Television Services
IFMK,iFresh Inc.,Consumer Services,Food Chains
IHRT,"iHeartMedia, Inc.",Consumer Services,Broadcasting
IMBI,"iMedia Brands, Inc.",Consumer Services,Catalog/Specialty Distribution
IMH,"Impac Mortgage Holdings, Inc.",Consumer Services,Real Estate Investment Trusts
IOR,"Income Opportunity Realty Investors, Inc.",Consumer Services,Real Estate Investment Trusts
IRT,"Independence Realty Trust, Inc.",Consumer Services,Real Estate Investment Trusts
ILPT,Industrial Logistics Properties Trust,Consumer Services,Real Estate Investment Trusts
III,"Information Services Group, Inc.",Consumer Services,Professional Services
IMKTA,"Ingles Markets, Incorporated",Consumer Services,Food Chains
IHT,InnSuites Hospitality Trust,Consumer Services,Real Estate Investment Trusts
NSIT,"Insight Enterprises, Inc.",Consumer Services,Catalog/Specialty Distribution
ISIG,"Insignia Systems, Inc.",Consumer Services,Advertising
I,Intelsat S.A.,Consumer Services,Telecommunications Equipment
IHG,Intercontinental Hotels Group,Consumer Services,Hotels/Resorts
IGT,International Game Technology,Consumer Services,Services-Misc. Amusement & Recreation
INSW,"International Seaways, Inc.",Consumer Services,Marine Transportation
INUV,"Inuvo, Inc",Consumer Services,Advertising
IVR,INVESCO MORTGAGE CAPITAL INC,Consumer Services,Real Estate Investment Trusts
IRET,Investors Real Estate Trust,Consumer Services,Real Estate Investment Trusts
IQ,"iQIYI, Inc.",Consumer Services,Consumer Electronics/Video Chains
IRM,Iron Mountain Incorporated,Consumer Services,Real Estate Investment Trusts
IRS,IRSA Inversiones Y Representaciones S.A.,Consumer Services,Homebuilding
IRCP,IRSA Propiedades Comerciales S.A.,Consumer Services,Building operators
STAR          ,iStar Inc.,Consumer Services,Real Estate Investment Trusts
IZEA,"IZEA Worldwide, Inc.",Consumer Services,Advertising
JAX,"J. Alexander&#39;s Holdings, Inc.",Consumer Services,Restaurants
MAYS,"J. W. Mays, Inc.",Consumer Services,Building operators
JCP,"J.C. Penney Company, Inc. Holding Company",Consumer Services,Department/Specialty Retail Stores
JACK,Jack In The Box Inc.,Consumer Services,Restaurants
JAN,JanOne Inc.,Consumer Services,Home Furnishings
JBGS,JBG SMITH Properties,Consumer Services,Real Estate Investment Trusts
JD,"JD.com, Inc.",Consumer Services,Other Specialty Stores
JCAP,"Jernigan Capital, Inc.",Consumer Services,Real Estate Investment Trusts
JCTCF,Jewett-Cameron Trading Company,Consumer Services,RETAIL: Building Materials
JCI,Johnson Controls International plc,Consumer Services,Other Consumer Services
JMEI,Jumei International Holding Limited,Consumer Services,Other Specialty Stores
JMIA,Jumia Technologies AG,Consumer Services,Catalog/Specialty Distribution
JP,Jupai Holdings Limited,Consumer Services,Other Consumer Services
LRN,K12 Inc,Consumer Services,Other Consumer Services
KRC,Kilroy Realty Corporation,Consumer Services,Real Estate Investment Trusts
KIM,Kimco Realty Corporation,Consumer Services,Real Estate Investment Trusts
KEX,Kirby Corporation,Consumer Services,Marine Transportation
KIRK,"Kirkland&#39;s, Inc.",Consumer Services,Other Specialty Stores
KRG,Kite Realty Group Trust,Consumer Services,Real Estate Investment Trusts
KREF,KKR Real Estate Finance Trust Inc.,Consumer Services,Real Estate Investment Trusts
KNOP,KNOT Offshore Partners LP,Consumer Services,Marine Transportation
KSS,Kohl&#39;s Corporation,Consumer Services,Department/Specialty Retail Stores
KR,Kroger Company (The),Consumer Services,Food Chains
KRUS,"Kura Sushi USA, Inc.",Consumer Services,Restaurants
LB,"L Brands, Inc.",Consumer Services,Clothing/Shoe/Accessory Stores
LADR,Ladder Capital Corp,Consumer Services,Real Estate Investment Trusts
LAIX,LAIX Inc.,Consumer Services,Other Consumer Services
LAMR,Lamar Advertising Company,Consumer Services,Real Estate Investment Trusts
LMRK,Landmark Infrastructure Partners LP,Consumer Services,Real Estate
LMRKN,Landmark Infrastructure Partners LP,Consumer Services,Real Estate
LMRKO,Landmark Infrastructure Partners LP,Consumer Services,Real Estate
LMRKP,Landmark Infrastructure Partners LP,Consumer Services,Real Estate
LE,"Lands&#39; End, Inc.",Consumer Services,Clothing/Shoe/Accessory Stores
LVS,Las Vegas Sands Corp.,Consumer Services,Hotels/Resorts
LAUR,"Laureate Education, Inc.",Consumer Services,Other Consumer Services
LEE,"Lee Enterprises, Incorporated",Consumer Services,Newspapers/Magazines
LHC,Leo Holdings Corp.,Consumer Services,Movies/Entertainment
LBRDA,Liberty Broadband Corporation,Consumer Services,Television Services
LBRDK,Liberty Broadband Corporation,Consumer Services,Television Services
LBTYB,Liberty Global plc,Consumer Services,Television Services
LILA,Liberty Latin America Ltd.,Consumer Services,Television Services
LILAK,Liberty Latin America Ltd.,Consumer Services,Television Services
BATRA,Liberty Media Corporation,Consumer Services,Broadcasting
BATRK,Liberty Media Corporation,Consumer Services,Broadcasting
FWONA,Liberty Media Corporation,Consumer Services,Broadcasting
FWONK,Liberty Media Corporation,Consumer Services,Broadcasting
LSXMA,Liberty Media Corporation,Consumer Services,Broadcasting
LSXMB,Liberty Media Corporation,Consumer Services,Broadcasting
LSXMK,Liberty Media Corporation,Consumer Services,Broadcasting
LSI,"Life Storage, Inc.",Consumer Services,Real Estate Investment Trusts
LTBR,Lightbridge Corporation,Consumer Services,Professional Services
LITB,"LightInTheBox Holding Co., Ltd.",Consumer Services,Catalog/Specialty Distribution
LINC,Lincoln Educational Services Corporation,Consumer Services,Other Consumer Services
LIND,Lindblad Expeditions Holdings Inc. ,Consumer Services,Transportation Services
LYV,"Live Nation Entertainment, Inc.",Consumer Services,Services-Misc. Amusement & Recreation
LIVX,"LiveXLive Media, Inc.",Consumer Services,Restaurants
LKQ,LKQ Corporation,Consumer Services,Motor Vehicles
LOW,"Lowe&#39;s Companies, Inc.",Consumer Services,RETAIL: Building Materials
LTC,"LTC Properties, Inc.",Consumer Services,Real Estate Investment Trusts
LUB,"Luby&#39;s, Inc.",Consumer Services,Restaurants
LK,Luckin Coffee Inc.,Consumer Services,Restaurants
LL,"Lumber Liquidators Holdings, Inc",Consumer Services,RETAIL: Building Materials
MAC,Macerich Company (The),Consumer Services,Real Estate Investment Trusts
CLI,Mack-Cali Realty Corporation,Consumer Services,Real Estate Investment Trusts
M,Macy&#39;s Inc,Consumer Services,Department/Specialty Retail Stores
MMYT,MakeMyTrip Limited,Consumer Services,Transportation Services
MANU,Manchester United Ltd.,Consumer Services,Services-Misc. Amusement & Recreation
LOAN,"Manhattan Bridge Capital, Inc",Consumer Services,Real Estate Investment Trusts
MANT,ManTech International Corporation,Consumer Services,Other Consumer Services
MCS,Marcus Corporation (The),Consumer Services,Movies/Entertainment
HZO,"MarineMax, Inc.",Consumer Services,Other Specialty Stores
MAR,Marriott International,Consumer Services,Hotels/Resorts
MHH,"Mastech Digital, Inc",Consumer Services,Professional Services
MATX,"Matson, Inc.",Consumer Services,Marine Transportation
MNI,McClatchy Company (The),Consumer Services,Newspapers/Magazines
MCD,McDonald&#39;s Corporation,Consumer Services,Restaurants
MDRR,"Medalist Diversified REIT, Inc.",Consumer Services,Real Estate Investment Trusts
MDIA,Mediaco Holding Inc.,Consumer Services,Broadcasting
MPW,"Medical Properties Trust, Inc.",Consumer Services,Real Estate Investment Trusts
MLCO,Melco Resorts & Entertainment Limited,Consumer Services,Hotels/Resorts
MDP,Meredith Corporation,Consumer Services,Newspapers/Magazines
MFA,"MFA Financial, Inc.",Consumer Services,Real Estate Investment Trusts
MFO,"MFA Financial, Inc.",Consumer Services,Real Estate Investment Trusts
MGP,MGM Growth Properties LLC,Consumer Services,Real Estate Investment Trusts
MGM,MGM Resorts International,Consumer Services,Hotels/Resorts
MAA,"Mid-America Apartment Communities, Inc.",Consumer Services,Real Estate Investment Trusts
MG,Mistras Group Inc,Consumer Services,Military/Government/Technical
MKGI,"Monaker Group, Inc.",Consumer Services,Transportation Services
MCRI,"Monarch Casino & Resort, Inc.",Consumer Services,Hotels/Resorts
MNR,Monmouth Real Estate Investment Corporation,Consumer Services,Real Estate Investment Trusts
MNRO,"Monro, Inc. ",Consumer Services,Automotive Aftermarket
MSGN,MSG Networks Inc.,Consumer Services,Television Services
NATH,"Nathan&#39;s Famous, Inc.",Consumer Services,Restaurants
NCMI,"National CineMedia, Inc.",Consumer Services,Advertising
NHI,"National Health Investors, Inc.",Consumer Services,Real Estate Investment Trusts
NNN,National Retail Properties,Consumer Services,Real Estate Investment Trusts
NSA,National Storage Affiliates Trust,Consumer Services,Real Estate Investment Trusts
NGVC,"Natural Grocers by Vitamin Cottage, Inc.",Consumer Services,Food Chains
NFLX,"Netflix, Inc.",Consumer Services,Consumer Electronics/Video Chains
NEN,New England Realty Associates Limited Partnership,Consumer Services,Building operators
EDU,"New Oriental Education & Technology Group, Inc.",Consumer Services,Other Consumer Services
NRZ,New Residential Investment Corp.,Consumer Services,Real Estate Investment Trusts
SNR,New Senior Investment Group Inc.,Consumer Services,Real Estate Investment Trusts
NYMT,"New York Mortgage Trust, Inc.",Consumer Services,Real Estate Investment Trusts
NYMTM,"New York Mortgage Trust, Inc.",Consumer Services,Real Estate Investment Trusts
NYMTN,"New York Mortgage Trust, Inc.",Consumer Services,Real Estate Investment Trusts
NYMTO,"New York Mortgage Trust, Inc.",Consumer Services,Real Estate Investment Trusts
NYMTP,"New York Mortgage Trust, Inc.",Consumer Services,Real Estate Investment Trusts
NYT,New York Times Company (The),Consumer Services,Newspapers/Magazines
NWS,News Corporation,Consumer Services,Newspapers/Magazines
NWSA,News Corporation,Consumer Services,Newspapers/Magazines
NXRT,"NexPoint Residential Trust, Inc.",Consumer Services,Real Estate Investment Trusts
NXST,"Nexstar Media Group, Inc.",Consumer Services,Broadcasting
NDLS,Noodles & Company,Consumer Services,Restaurants
NAT,Nordic American Tankers Limited,Consumer Services,Marine Transportation
JWN,"Nordstrom, Inc.",Consumer Services,Clothing/Shoe/Accessory Stores
NCLH,Norwegian Cruise Line Holdings Ltd.,Consumer Services,Marine Transportation
NTN,"NTN Buzztime, Inc.",Consumer Services,Broadcasting
NVEE,"NV5 Global, Inc.",Consumer Services,Other Consumer Services
NXTD,NXT-ID Inc.,Consumer Services,Diversified Commercial Services
OMEX,"Odyssey Marine Exploration, Inc.",Consumer Services,Marine Transportation
ODP,"Office Depot, Inc.",Consumer Services,Other Specialty Stores
OLLI,"Ollie&#39;s Bargain Outlet Holdings, Inc.",Consumer Services,Department/Specialty Retail Stores
OHI,"Omega Healthcare Investors, Inc.",Consumer Services,Real Estate Investment Trusts
OLP,"One Liberty Properties, Inc.",Consumer Services,Real Estate Investment Trusts
ONE,OneSmart International Education Group Limited,Consumer Services,Other Consumer Services
OSW,OneSpaWorld Holdings Limited,Consumer Services,Hotels/Resorts
ONEW,OneWater Marine Inc.,Consumer Services,Other Specialty Stores
ORBC,ORBCOMM Inc.,Consumer Services,Telecommunications Equipment
ORC,"Orchid Island Capital, Inc.",Consumer Services,Real Estate Investment Trusts
ORLY,"O&#39;Reilly Automotive, Inc.",Consumer Services,Other Specialty Stores
OUT,OUTFRONT Media Inc.,Consumer Services,Real Estate Investment Trusts
OSTK,"Overstock.com, Inc.",Consumer Services,Catalog/Specialty Distribution
PZZA,"Papa John&#39;s International, Inc.",Consumer Services,Restaurants
PGRE,"Paramount Group, Inc.",Consumer Services,Real Estate Investment Trusts
PK,Park Hotels & Resorts Inc.,Consumer Services,Hotels/Resorts
PRTY,Party City Holdco Inc.,Consumer Services,Other Specialty Stores
PAYX,"Paychex, Inc.",Consumer Services,Diversified Commercial Services
CNXN,"PC Connection, Inc.",Consumer Services,Catalog/Specialty Distribution
PSO,"Pearson, Plc",Consumer Services,Books
PEB,Pebblebrook Hotel Trust,Consumer Services,Real Estate Investment Trusts
PENN,"Penn National Gaming, Inc.",Consumer Services,Hotels/Resorts
PEI,Pennsylvania Real Estate Investment Trust,Consumer Services,Real Estate Investment Trusts
PMT,PennyMac Mortgage Investment Trust,Consumer Services,Real Estate Investment Trusts
PRDO,Perdoceo Education Corporation,Consumer Services,Other Consumer Services
PFMT,Performant Financial Corporation,Consumer Services,Other Consumer Services
FENG,Phoenix New Media Limited,Consumer Services,Broadcasting
DNK,Phoenix Tree Holdings Limited,Consumer Services,Building operators
DOC,Physicians Realty Trust,Consumer Services,Real Estate Investment Trusts
PDM,"Piedmont Office Realty Trust, Inc.",Consumer Services,Building operators
PIR,"Pier 1 Imports, Inc.",Consumer Services,Home Furnishings
PLNT,"Planet Fitness, Inc.",Consumer Services,Hotels/Resorts
PLYA,Playa Hotels & Resorts N.V.,Consumer Services,Hotels/Resorts
PLYM,"Plymouth Industrial REIT, Inc.",Consumer Services,Real Estate Investment Trusts
PSTL,"Postal Realty Trust, Inc.",Consumer Services,Real Estate Investment Trusts
PBPB,Potbelly Corporation,Consumer Services,Restaurants
PCH,PotlatchDeltic Corporation,Consumer Services,Real Estate Investment Trusts
PW,Power REIT,Consumer Services,Real Estate Investment Trusts
APTS,"Preferred Apartment Communities, Inc.",Consumer Services,Real Estate Investment Trusts
PINC,"Premier, Inc.",Consumer Services,Other Consumer Services
PRGX,"PRGX Global, Inc.",Consumer Services,Diversified Commercial Services
PSMT,"PriceSmart, Inc.",Consumer Services,Department/Specialty Retail Stores
PLD,"Prologis, Inc.",Consumer Services,Real Estate Investment Trusts
PSB,"PS Business Parks, Inc.",Consumer Services,Real Estate Investment Trusts
PSA,Public Storage,Consumer Services,Real Estate Investment Trusts
PSA^B,Public Storage,Consumer Services,Real Estate Investment Trusts
PSA^C,Public Storage,Consumer Services,Real Estate Investment Trusts
PSA^D,Public Storage,Consumer Services,Real Estate Investment Trusts
PSA^E,Public Storage,Consumer Services,Real Estate Investment Trusts
PSA^F,Public Storage,Consumer Services,Real Estate Investment Trusts
PSA^K,Public Storage,Consumer Services,Real Estate Investment Trusts
PSA^V,Public Storage,Consumer Services,Real Estate Investment Trusts
NEW,Puxin Limited,Consumer Services,Other Consumer Services
PYX,"Pyxus International, Inc.",Consumer Services,Farming/Seeds/Milling
QTS,"QTS Realty Trust, Inc.",Consumer Services,Real Estate Investment Trusts
QUOT,Quotient Technology Inc.,Consumer Services,Advertising
QRTEA,"Qurate Retail, Inc.",Consumer Services,Catalog/Specialty Distribution
QRTEB,"Qurate Retail, Inc.",Consumer Services,Catalog/Specialty Distribution
QVCC,"QVC, Inc.",Consumer Services,Catalog/Specialty Distribution
QVCD,"QVC, Inc.",Consumer Services,Catalog/Specialty Distribution
RCM,R1 RCM Inc.,Consumer Services,Other Consumer Services
RYN,Rayonier Inc.,Consumer Services,Real Estate Investment Trusts
RICK,"RCI Hospitality Holdings, Inc.",Consumer Services,Restaurants
RDI,Reading International Inc,Consumer Services,Movies/Entertainment
RDIB,Reading International Inc,Consumer Services,Movies/Entertainment
RC,Ready Capital Corporation,Consumer Services,Real Estate Investment Trusts
RCA,Ready Capital Corporation,Consumer Services,Real Estate Investment Trusts
RCB,Ready Capital Corporation,Consumer Services,Real Estate Investment Trusts
RCP,Ready Capital Corporation,Consumer Services,Real Estate Investment Trusts
O,Realty Income Corporation,Consumer Services,Real Estate Investment Trusts
RLH,Red Lion Hotels Corporation,Consumer Services,Hotels/Resorts
RRGB,"Red Robin Gourmet Burgers, Inc.",Consumer Services,Restaurants
RRR,"Red Rock Resorts, Inc.",Consumer Services,Hotels/Resorts
RWT,"Redwood Trust, Inc.",Consumer Services,Real Estate Investment Trusts
RBZ,Reebonz Holding Limited,Consumer Services,Catalog/Specialty Distribution
REG,Regency Centers Corporation,Consumer Services,Real Estate Investment Trusts
RGS,Regis Corporation,Consumer Services,Other Consumer Services
RELX,RELX PLC,Consumer Services,Publishing
MARK,"Remark Holdings, Inc.",Consumer Services,Telecommunications Equipment
QSR,Restaurant Brands International Inc.,Consumer Services,Restaurants
ROIC,Retail Opportunity Investments Corp.,Consumer Services,Real Estate Investment Trusts
RPAI,"Retail Properties of America, Inc.",Consumer Services,Real Estate Investment Trusts
RVLV,"Revolve Group, Inc.",Consumer Services,Catalog/Specialty Distribution
REXR,"Rexford Industrial Realty, Inc.",Consumer Services,Real Estate Investment Trusts
RH,RH,Consumer Services,Other Specialty Stores
RNET,"RigNet, Inc.",Consumer Services,Telecommunications Equipment
REDU,RISE Education Cayman Ltd,Consumer Services,Other Consumer Services
RLJ,RLJ Lodging Trust,Consumer Services,Real Estate Investment Trusts
RCI,"Rogers Communication, Inc.",Consumer Services,Television Services
ROKU,"Roku, Inc.",Consumer Services,Television Services
ROST,"Ross Stores, Inc.",Consumer Services,Clothing/Shoe/Accessory Stores
RCL,Royal Caribbean Cruises Ltd.,Consumer Services,Marine Transportation
RPT,RPT Realty,Consumer Services,Real Estate Investment Trusts
RTW,"RTW Retailwinds, Inc.",Consumer Services,Clothing/Shoe/Accessory Stores
RUHN,Ruhnn Holding Limited,Consumer Services,Catalog/Specialty Distribution
RUTH,"Ruth&#39;s Hospitality Group, Inc.",Consumer Services,Restaurants
RYB,"RYB Education, Inc.",Consumer Services,Other Consumer Services
R,"Ryder System, Inc.",Consumer Services,Rental/Leasing Companies
RHP,"Ryman Hospitality Properties, Inc.",Consumer Services,Real Estate Investment Trusts
SBRA,"Sabra Health Care REIT, Inc.",Consumer Services,Real Estate Investment Trusts
SACC,Sachem Capital Corp.,Consumer Services,Real Estate Investment Trusts
SACH,Sachem Capital Corp.,Consumer Services,Real Estate Investment Trusts
SCCB,Sachem Capital Corp.,Consumer Services,Real Estate Investment Trusts
SAFE,Safehold Inc.,Consumer Services,Real Estate
SGA,"Saga Communications, Inc.",Consumer Services,Broadcasting
SALM,"Salem Media Group, Inc.",Consumer Services,Broadcasting
SBH,"Sally Beauty Holdings, Inc.",Consumer Services,Other Specialty Stores
BFS,"Saul Centers, Inc.",Consumer Services,Real Estate Investment Trusts
SBAC,SBA Communications Corporation,Consumer Services,Real Estate Investment Trusts
SCHL,Scholastic Corporation,Consumer Services,Books
WORX,SCWorx Corp.,Consumer Services,Services-Misc. Amusement & Recreation
SE,Sea Limited,Consumer Services,Other Consumer Services
SEAS,"SeaWorld Entertainment, Inc.",Consumer Services,Services-Misc. Amusement & Recreation
SECO,Secoo Holding Limited,Consumer Services,Other Specialty Stores
SCI,Service Corporation International,Consumer Services,Other Consumer Services
SVC,Service Properties Trust,Consumer Services,Real Estate Investment Trusts
SERV,"ServiceMaster Global Holdings, Inc.",Consumer Services,Other Consumer Services
SGBX,"SG Blocks, Inc.",Consumer Services,RETAIL: Building Materials
SHAK,"Shake Shack, Inc.",Consumer Services,Restaurants
SJR,Shaw Communications Inc.,Consumer Services,Television Services
SHW,Sherwin-Williams Company (The),Consumer Services,RETAIL: Building Materials
SCVL,"Shoe Carnival, Inc.",Consumer Services,Clothing/Shoe/Accessory Stores
SIG,Signet Jewelers Limited,Consumer Services,Consumer Specialties
SPG,"Simon Property Group, Inc.",Consumer Services,Real Estate Investment Trusts
SBGI,"Sinclair Broadcast Group, Inc.",Consumer Services,Broadcasting
SIRI,Sirius XM Holdings Inc.,Consumer Services,Broadcasting
SITC,SITE Centers Corp.,Consumer Services,Real Estate Investment Trusts
SIX,Six Flags Entertainment Corporation New,Consumer Services,Services-Misc. Amusement & Recreation
SLG,SL Green Realty Corp,Consumer Services,Real Estate Investment Trusts
WORK,"Slack Technologies, Inc.",Consumer Services,Other Consumer Services
SOHO,Sotherly Hotels Inc.,Consumer Services,Real Estate Investment Trusts
SOHOB,Sotherly Hotels Inc.,Consumer Services,Real Estate Investment Trusts
SOHON,Sotherly Hotels Inc.,Consumer Services,Real Estate Investment Trusts
SOHOO,Sotherly Hotels Inc.,Consumer Services,Real Estate Investment Trusts
SP,SP Plus Corporation,Consumer Services,Rental/Leasing Companies
LOV,"Spark Networks, Inc.",Consumer Services,Other Consumer Services
SRC,"Spirit Realty Capital, Inc.",Consumer Services,Building operators
SPWH,"Sportsman&#39;s Warehouse Holdings, Inc.",Consumer Services,Other Specialty Stores
SPOT,Spotify Technology S.A.,Consumer Services,Broadcasting
FUND,"Sprott Focus Trust, Inc.",Consumer Services,Miscellaneous
SFM,"Sprouts Farmers Market, Inc.",Consumer Services,Food Chains
JOE,St. Joe Company (The),Consumer Services,Homebuilding
STAG,"Stag Industrial, Inc.",Consumer Services,Real Estate Investment Trusts
SSI,"Stage Stores, Inc.",Consumer Services,Clothing/Shoe/Accessory Stores
STN,Stantec Inc,Consumer Services,Military/Government/Technical
SGU,"Star Group, L.P.",Consumer Services,Other Specialty Stores
SBUX,Starbucks Corporation,Consumer Services,Restaurants
STWD,"STARWOOD PROPERTY TRUST, INC.",Consumer Services,Real Estate Investment Trusts
SMRT,"Stein Mart, Inc.",Consumer Services,Clothing/Shoe/Accessory Stores
SFIX,"Stitch Fix, Inc.",Consumer Services,Catalog/Specialty Distribution
STON,StoneMor Inc.,Consumer Services,Other Consumer Services
STOR,STORE Capital Corporation,Consumer Services,Real Estate Investment Trusts
STRA,"Strategic Education, Inc.",Consumer Services,Other Consumer Services
STRS,Stratus Properties Inc.,Consumer Services,Homebuilding
MSC,Studio City International Holdings Limited,Consumer Services,Hotels/Resorts
SPH,"Suburban Propane Partners, L.P.",Consumer Services,Other Specialty Stores
INN,"Summit Hotel Properties, Inc.",Consumer Services,Real Estate Investment Trusts
SUI,"Sun Communities, Inc.",Consumer Services,Real Estate Investment Trusts
STG,Sunlands Technology Group,Consumer Services,Other Consumer Services
STKL,"SunOpta, Inc.",Consumer Services,Farming/Seeds/Milling
SHO,"Sunstone Hotel Investors, Inc.",Consumer Services,Hotels/Resorts
SLGG,"Super League Gaming, Inc.",Consumer Services,Services-Misc. Amusement & Recreation
TLRD,"Tailored Brands, Inc.",Consumer Services,Clothing/Shoe/Accessory Stores
TKAT,"Takung Art Co., Ltd.",Consumer Services,Other Specialty Stores
TAL,TAL Education Group,Consumer Services,Other Consumer Services
SKT,"Tanger Factory Outlet Centers, Inc.",Consumer Services,Real Estate Investment Trusts
TEDU,"Tarena International, Inc.",Consumer Services,Other Consumer Services
TGT,Target Corporation,Consumer Services,Department/Specialty Retail Stores
TH,Target Hospitality Corp.,Consumer Services,Hotels/Resorts
THWWW,Target Hospitality Corp.,Consumer Services,Hotels/Resorts
TCO,"Taubman Centers, Inc.",Consumer Services,Real Estate Investment Trusts
TISI,"Team, Inc.",Consumer Services,Other Consumer Services
TGP,Teekay LNG Partners L.P.,Consumer Services,Marine Transportation
TNK,Teekay Tankers Ltd.,Consumer Services,Marine Transportation
TGNA,TEGNA Inc.,Consumer Services,Broadcasting
TME,Tencent Music Entertainment Group,Consumer Services,Broadcasting
TTEK,"Tetra Tech, Inc.",Consumer Services,Military/Government/Technical
TXRH,"Texas Roadhouse, Inc.",Consumer Services,Restaurants
ANDE,"The Andersons, Inc.",Consumer Services,Farming/Seeds/Milling
CAKE,The Cheesecake Factory Incorporated,Consumer Services,Restaurants
HABT,"The Habit Restaurants, Inc.",Consumer Services,Restaurants
HCKT,"The Hackett Group, Inc.",Consumer Services,Professional Services
INTG,The Intergroup Corporation,Consumer Services,Building operators
LOVE,The Lovesac Company,Consumer Services,Other Specialty Stores
MSG,The Madison Square Garden Company,Consumer Services,Services-Misc. Amusement & Recreation
MEET,"The Meet Group, Inc.",Consumer Services,Advertising
MIK,"The Michaels Companies, Inc.",Consumer Services,Recreational Products/Toys
STKS,"The ONE Group Hospitality, Inc.",Consumer Services,Restaurants
PRSC,The Providence Service Corporation,Consumer Services,Transportation Services
REAL,"The RealReal, Inc.",Consumer Services,Other Specialty Stores
RMR,The RMR Group Inc.,Consumer Services,Professional Services
TRI,Thomson Reuters Corp,Consumer Services,Publishing
TDW,Tidewater Inc.,Consumer Services,Marine Transportation
TIF,Tiffany & Co.,Consumer Services,Consumer Specialties
TLYS,"Tilly&#39;s, Inc.",Consumer Services,Clothing/Shoe/Accessory Stores
TITN,Titan Machinery Inc.,Consumer Services,Other Specialty Stores
TJX,"TJX Companies, Inc. (The)",Consumer Services,Clothing/Shoe/Accessory Stores
CLUB,"Town Sports International Holdings, Inc.",Consumer Services,Hotels/Resorts
TSQ,"Townsquare Media, Inc.",Consumer Services,Broadcasting
TRTX,"TPG RE Finance Trust, Inc.",Consumer Services,Real Estate Investment Trusts
TSCO,Tractor Supply Company,Consumer Services,RETAIL: Building Materials
TWMC,Trans World Entertainment Corp.,Consumer Services,Consumer Electronics/Video Chains
TCI,"Transcontinental Realty Investors, Inc.",Consumer Services,Real Estate Investment Trusts
TRMT,Tremont Mortgage Trust,Consumer Services,Real Estate Investment Trusts
TY^,Tri Continental Corporation,Consumer Services,Miscellaneous
TPCO,Tribune Publishing Company,Consumer Services,Newspapers/Magazines
TPHS,Trinity Place Holdings Inc.,Consumer Services,Building operators
TUES,Tuesday Morning Corp.,Consumer Services,Department/Specialty Retail Stores
TOUR,Tuniu Corporation,Consumer Services,Transportation Services
TRWH,"Twin River Worldwide Holdings, Inc.",Consumer Services,Hotels/Resorts
TWO,Two Harbors Investments Corp,Consumer Services,Real Estate Investment Trusts
PRTS,"U.S. Auto Parts Network, Inc.",Consumer Services,Other Specialty Stores
UDR,"UDR, Inc.",Consumer Services,Real Estate Investment Trusts
ULTA,"Ulta Beauty, Inc.",Consumer Services,Other Specialty Stores
UMH,"UMH Properties, Inc.",Consumer Services,Real Estate Investment Trusts
UNF,Unifirst Corporation,Consumer Services,Other Consumer Services
UNIT,Uniti Group Inc.,Consumer Services,Real Estate Investment Trusts
UVV,Universal Corporation,Consumer Services,Farming/Seeds/Milling
UHT,Universal Health Realty Income Trust,Consumer Services,Real Estate Investment Trusts
UTI,Universal Technical Institute Inc,Consumer Services,Other Consumer Services
UONE,"Urban One, Inc. ",Consumer Services,Broadcasting
UONEK,"Urban One, Inc. ",Consumer Services,Broadcasting
URBN,"Urban Outfitters, Inc.",Consumer Services,Clothing/Shoe/Accessory Stores
UBA,Urstadt Biddle Properties Inc.,Consumer Services,Real Estate Investment Trusts
UBP,Urstadt Biddle Properties Inc.,Consumer Services,Real Estate Investment Trusts
MTN,"Vail Resorts, Inc.",Consumer Services,Services-Misc. Amusement & Recreation
VEC,"Vectrus, Inc.",Consumer Services,Diversified Commercial Services
VTR,"Ventas, Inc.",Consumer Services,Real Estate Investment Trusts
VERB,"Verb Technology Company, Inc.",Consumer Services,Other Consumer Services
VERBW,"Verb Technology Company, Inc.",Consumer Services,Other Consumer Services
VER,VEREIT Inc.,Consumer Services,Real Estate Investment Trusts
VRTV,Veritiv Corporation,Consumer Services,Paper
VRRM,Verra Mobility Corporation,Consumer Services,Transportation Services
VIAC,ViacomCBS Inc.,Consumer Services,Broadcasting
VIACA,ViacomCBS Inc.,Consumer Services,Broadcasting
VICI,VICI Properties Inc.,Consumer Services,Real Estate Investment Trusts
VLGEA,"Village Super Market, Inc.",Consumer Services,Food Chains
VNCE,Vince Holding Corp.,Consumer Services,Clothing/Shoe/Accessory Stores
VIPS,Vipshop Holdings Limited,Consumer Services,Catalog/Specialty Distribution
SPCE,"Virgin Galactic Holdings, Inc.",Consumer Services,Transportation Services
VTSI,"VirTra, Inc.",Consumer Services,Services-Misc. Amusement & Recreation
VNO,Vornado Realty Trust,Consumer Services,Real Estate Investment Trusts
VSEC,VSE Corporation,Consumer Services,Military/Government/Technical
WPC,W. P. Carey Inc.,Consumer Services,Real Estate Investment Trusts
GWW,"W.W. Grainger, Inc.",Consumer Services,Office Equipment/Supplies/Services
WAFU,Wah Fu Education Group Limited,Consumer Services,Other Consumer Services
WMT,Walmart Inc.,Consumer Services,Department/Specialty Retail Stores
DIS,Walt Disney Company (The),Consumer Services,Services-Misc. Amusement & Recreation
WSG,Wanda Sports Group Company Limited,Consumer Services,Services-Misc. Amusement & Recreation
WPG,Washington Prime Group Inc.,Consumer Services,Real Estate Investment Trusts
W,Wayfair Inc.,Consumer Services,Catalog/Specialty Distribution
WRI,Weingarten Realty Investors,Consumer Services,Real Estate Investment Trusts
WMK,"Weis Markets, Inc.",Consumer Services,Food Chains
WELL,Welltower Inc.,Consumer Services,Real Estate Investment Trusts
WEN,Wendy&#39;s Company (The),Consumer Services,Restaurants
WMC,Western Asset Mortgage Capital Corporation,Consumer Services,Real Estate Investment Trusts
WY,Weyerhaeuser Company,Consumer Services,Real Estate Investment Trusts
WHLR,"Wheeler Real Estate Investment Trust, Inc.",Consumer Services,Real Estate Investment Trusts
WHLRD,"Wheeler Real Estate Investment Trust, Inc.",Consumer Services,Real Estate Investment Trusts
WHLRP,"Wheeler Real Estate Investment Trust, Inc.",Consumer Services,Real Estate Investment Trusts
WSR,Whitestone REIT,Consumer Services,Real Estate Investment Trusts
WOW,"WideOpenWest, Inc.",Consumer Services,Television Services
WHLM,"Wilhelmina International, Inc.",Consumer Services,Professional Services
WLDN,"Willdan Group, Inc.",Consumer Services,Military/Government/Technical
WSM,"Williams-Sonoma, Inc.",Consumer Services,Home Furnishings
WING,Wingstop Inc.,Consumer Services,Restaurants
WINA,Winmark Corporation,Consumer Services,Other Specialty Stores
WWE,"World Wrestling Entertainment, Inc.",Consumer Services,Movies/Entertainment
WW,"WW International, Inc. ",Consumer Services,Other Consumer Services
WYND,"Wyndham Destinations, Inc.",Consumer Services,Hotels/Resorts
WH,"Wyndham Hotels & Resorts, Inc.",Consumer Services,Hotels/Resorts
WYNN,"Wynn Resorts, Limited",Consumer Services,Hotels/Resorts
XHR,"Xenia Hotels & Resorts, Inc.",Consumer Services,Hotels/Resorts
XPO,"XPO Logistics, Inc.",Consumer Services,Transportation Services
XSPA,"XpresSpa Group, Inc. ",Consumer Services,Other Consumer Services
YTRA,"Yatra Online, Inc.",Consumer Services,Transportation Services
YELP,Yelp Inc.,Consumer Services,Other Consumer Services
DAO,"Youdao, Inc.",Consumer Services,Other Consumer Services
YGYI,"Youngevity International, Inc.",Consumer Services,Catalog/Specialty Distribution
YGYIP,"Youngevity International, Inc.",Consumer Services,Catalog/Specialty Distribution
YUMC,"Yum China Holdings, Inc.",Consumer Services,Restaurants
YUM,"Yum! Brands, Inc.",Consumer Services,Restaurants
YJ,Yunji Inc.,Consumer Services,Other Specialty Stores
ZAGG,ZAGG Inc,Consumer Services,Other Specialty Stores
ZVO,Zovio Inc.,Consumer Services,Other Consumer Services
ZUMZ,Zumiez Inc.,Consumer Services,Clothing/Shoe/Accessory Stores
XXII,"22nd Century Group, Inc",Consumer Non-Durables,Farming/Seeds/Milling
GOLF,Acushnet Holdings Corp.,Consumer Non-Durables,Recreational Products/Toys
AGRO,Adecoagro S.A.,Consumer Non-Durables,Farming/Seeds/Milling
ALCO,"Alico, Inc.",Consumer Non-Durables,Farming/Seeds/Milling
MO,Altria Group,Consumer Non-Durables,Farming/Seeds/Milling
AMAL,Amalgamated Bank,Consumer Non-Durables,Textiles
ABEV,Ambev S.A.,Consumer Non-Durables,Beverages (Production/Distribution)
DIT,AMCON Distributing Company,Consumer Non-Durables,Food Distributors
RYCE,Amira Nature Foods Ltd,Consumer Non-Durables,Packaged Foods
BUD,Anheuser-Busch Inbev SA,Consumer Non-Durables,Beverages (Production/Distribution)
AXE,Anixter International Inc.,Consumer Non-Durables,Telecommunications Equipment
APEX,Apex Global Brands Inc.,Consumer Non-Durables,Apparel
ATR,"AptarGroup, Inc.",Consumer Non-Durables,Plastic Products
ADM,Archer-Daniels-Midland Company,Consumer Non-Durables,Packaged Foods
FUV,"Arcimoto, Inc.",Consumer Non-Durables,Motor Vehicles
ARLO,"Arlo Technologies, Inc.",Consumer Non-Durables,Consumer Electronics/Appliances
AFI,"Armstrong Flooring, Inc.",Consumer Non-Durables,Plastic Products
AWI,Armstrong World Industries Inc,Consumer Non-Durables,Plastic Products
AHI,"Avadim Health, Inc.",Consumer Non-Durables,Package Goods/Cosmetics
BGS,"B&G Foods, Inc.",Consumer Non-Durables,Packaged Foods
BRBR,"BellRing Brands, Inc.",Consumer Non-Durables,Packaged Foods
BERY,"Berry Global Group, Inc.",Consumer Non-Durables,Plastic Products
BYND,"Beyond Meat, Inc.",Consumer Non-Durables,Packaged Foods
BHAT,Blue Hat Interactive Entertainment Technology,Consumer Non-Durables,Recreational Products/Toys
SAM,"Boston Beer Company, Inc. (The)",Consumer Non-Durables,Beverages (Production/Distribution)
LND,Brasilagro Cia Brasileira De Propriedades Agricolas,Consumer Non-Durables,Farming/Seeds/Milling
BRFS,BRF S.A.,Consumer Non-Durables,Meat/Poultry/Fish
BRID,Bridgford Foods Corporation,Consumer Non-Durables,Specialty Foods
BV,"BrightView Holdings, Inc.",Consumer Non-Durables,Farming/Seeds/Milling
BTI,British American Tobacco p.l.c.,Consumer Non-Durables,Farming/Seeds/Milling
BG,Bunge Limited,Consumer Non-Durables,Packaged Foods
CVGW,"Calavo Growers, Inc.",Consumer Non-Durables,Farming/Seeds/Milling
CAL,"Caleres, Inc.",Consumer Non-Durables,Shoe Manufacturing
ELY,Callaway Golf Company,Consumer Non-Durables,Recreational Products/Toys
CALM,"Cal-Maine Foods, Inc.",Consumer Non-Durables,Farming/Seeds/Milling
CPB,Campbell Soup Company,Consumer Non-Durables,Packaged Foods
GOOS,Canada Goose Holdings Inc.,Consumer Non-Durables,Apparel
CSWC,Capital Southwest Corporation,Consumer Non-Durables,Textiles
CSWCL,Capital Southwest Corporation,Consumer Non-Durables,Textiles
CPRI,Capri Holdings Limited,Consumer Non-Durables,Apparel
CRI,"Carter&#39;s, Inc.",Consumer Non-Durables,Apparel
YCBD,"cbdMD, Inc.",Consumer Non-Durables,Package Goods/Cosmetics
CELH,"Celsius Holdings, Inc.",Consumer Non-Durables,Beverages (Production/Distribution)
CTRC,Centric Brands Inc.,Consumer Non-Durables,Apparel
PLIN,"China Xiangtai Food Co., Ltd.",Consumer Non-Durables,Meat/Poultry/Fish
CTAS,Cintas Corporation,Consumer Non-Durables,Apparel
CLAR,Clarus Corporation,Consumer Non-Durables,Recreational Products/Toys
KOF,Coca Cola Femsa S.A.B. de C.V.,Consumer Non-Durables,Beverages (Production/Distribution)
KO,Coca-Cola Company (The),Consumer Non-Durables,Beverages (Production/Distribution)
COKE,"Coca-Cola Consolidated, Inc.",Consumer Non-Durables,Beverages (Production/Distribution)
CCEP,Coca-Cola European Partners plc,Consumer Non-Durables,Beverages (Production/Distribution)
JVA,"Coffee Holding Co., Inc.",Consumer Non-Durables,Food Distributors
CL,Colgate-Palmolive Company,Consumer Non-Durables,Package Goods/Cosmetics
COLM,Columbia Sportswear Company,Consumer Non-Durables,Apparel
CCU,"Compania Cervecerias Unidas, S.A.",Consumer Non-Durables,Beverages (Production/Distribution)
CAG,"ConAgra Brands, Inc.",Consumer Non-Durables,Packaged Foods
STZ,Constellation Brands Inc,Consumer Non-Durables,Beverages (Production/Distribution)
CMT,Core Molding Technologies Inc,Consumer Non-Durables,Plastic Products
CORE,"Core-Mark Holding Company, Inc.",Consumer Non-Durables,Food Distributors
CTVA,"Corteva, Inc.",Consumer Non-Durables,Farming/Seeds/Milling
CZZ,Cosan Limited,Consumer Non-Durables,Specialty Foods
COT,Cott Corporation,Consumer Non-Durables,Beverages (Production/Distribution)
COTY,Coty Inc.,Consumer Non-Durables,Package Goods/Cosmetics
BREW,"Craft Brew Alliance, Inc.",Consumer Non-Durables,Beverages (Production/Distribution)
CROX,"Crocs, Inc.",Consumer Non-Durables,Shoe Manufacturing
DAR,Darling Ingredients Inc.,Consumer Non-Durables,Packaged Foods
DTEA,DAVIDsTEA Inc.,Consumer Non-Durables,Food Chains
DECK,Deckers Outdoor Corporation,Consumer Non-Durables,Shoe Manufacturing
DLA,"Delta Apparel, Inc.",Consumer Non-Durables,Apparel
DSWL,"Deswell Industries, Inc.",Consumer Non-Durables,Plastic Products
DEO,Diageo plc,Consumer Non-Durables,Beverages (Production/Distribution)
DPZ,Domino&#39;s Pizza Inc,Consumer Non-Durables,Food Distributors
ELF,"e.l.f. Beauty, Inc.",Consumer Non-Durables,Package Goods/Cosmetics
EAST,"Eastside Distilling, Inc.",Consumer Non-Durables,Beverages (Production/Distribution)
EPC,Edgewell Personal Care,Consumer Non-Durables,Package Goods/Cosmetics
EDNT,"Edison Nation, Inc.",Consumer Non-Durables,Recreational Products/Toys
MSN,Emerson Radio Corporation,Consumer Non-Durables,Consumer Electronics/Appliances
ENS,Enersys,Consumer Non-Durables,Telecommunications Equipment
ENTG,"Entegris, Inc.",Consumer Non-Durables,Plastic Products
ESCA,"Escalade, Incorporated",Consumer Non-Durables,Recreational Products/Toys
EL,"Estee Lauder Companies, Inc. (The)",Consumer Non-Durables,Package Goods/Cosmetics
EVK,"Ever-Glory International Group, Inc.",Consumer Non-Durables,Apparel
FARM,Farmer Brothers Company,Consumer Non-Durables,Packaged Foods
FAMI,"FARMMI, INC.",Consumer Non-Durables,Packaged Foods
FLO,"Flowers Foods, Inc.",Consumer Non-Durables,Packaged Foods
FMX,Fomento Economico Mexicano S.A.B. de C.V.,Consumer Non-Durables,Beverages (Production/Distribution)
FORD,"Forward Industries, Inc.",Consumer Non-Durables,Plastic Products
FOSL,"Fossil Group, Inc.",Consumer Non-Durables,Consumer Specialties
FOXF,Fox Factory Holding Corp.,Consumer Non-Durables,Motor Vehicles
FDP,"Fresh Del Monte Produce, Inc.",Consumer Non-Durables,Farming/Seeds/Milling
FRPT,"Freshpet, Inc.",Consumer Non-Durables,Packaged Foods
FORK,Fuling Global Inc.,Consumer Non-Durables,Plastic Products
FNKO,"Funko, Inc.",Consumer Non-Durables,Recreational Products/Toys
FTFT,Future FinTech Group Inc.,Consumer Non-Durables,Packaged Foods
WILC,"G. Willi-Food International,  Ltd.",Consumer Non-Durables,Food Distributors
GNSS,Genasys Inc.,Consumer Non-Durables,Consumer Electronics/Appliances
GIS,"General Mills, Inc.",Consumer Non-Durables,Packaged Foods
GIII,"G-III Apparel Group, LTD.",Consumer Non-Durables,Apparel
GIL,"Gildan Activewear, Inc.",Consumer Non-Durables,Apparel
GLAD,Gladstone Capital Corporation,Consumer Non-Durables,Textiles
GLADD,Gladstone Capital Corporation,Consumer Non-Durables,Textiles
GLADL,Gladstone Capital Corporation,Consumer Non-Durables,Textiles
GNC,"GNC Holdings, Inc.",Consumer Non-Durables,Food Chains
GES,"Guess?, Inc.",Consumer Non-Durables,Apparel
HOG,"Harley-Davidson, Inc.",Consumer Non-Durables,Motor Vehicles
HAS,"Hasbro, Inc.",Consumer Non-Durables,Recreational Products/Toys
HSY,Hershey Company (The),Consumer Non-Durables,Specialty Foods
HFFG,HF Foods Group Inc.,Consumer Non-Durables,Food Distributors
HRL,Hormel Foods Corporation,Consumer Non-Durables,Meat/Poultry/Fish
TWNK,"Hostess Brands, Inc.",Consumer Non-Durables,Packaged Foods
TWNKW,"Hostess Brands, Inc.",Consumer Non-Durables,Packaged Foods
HWCC,Houston Wire & Cable Company,Consumer Non-Durables,Telecommunications Equipment
ICON,"Iconix Brand Group, Inc.",Consumer Non-Durables,Shoe Manufacturing
IBA,"Industrias Bachoco, S.A. de C.V.",Consumer Non-Durables,Meat/Poultry/Fish
INGR,Ingredion Incorporated,Consumer Non-Durables,Packaged Foods
IMTE,Integrated Media Technology Limited,Consumer Non-Durables,Consumer Electronics/Appliances
IPAR,"Inter Parfums, Inc.",Consumer Non-Durables,Package Goods/Cosmetics
JJSF,J & J Snack Foods Corp.,Consumer Non-Durables,Specialty Foods
JILL,"J. Jill, Inc.",Consumer Non-Durables,Apparel
SJM,J.M. Smucker Company (The),Consumer Non-Durables,Packaged Foods
JAKK,"JAKKS Pacific, Inc.",Consumer Non-Durables,Recreational Products/Toys
JRSH,"Jerash Holdings (US), Inc.",Consumer Non-Durables,Apparel
JBSS,"John B. Sanfilippo & Son, Inc.",Consumer Non-Durables,Specialty Foods
JOUT,Johnson Outdoors Inc.,Consumer Non-Durables,Recreational Products/Toys
KBSF,KBS Fashion Group Limited,Consumer Non-Durables,Apparel
K,Kellogg Company,Consumer Non-Durables,Packaged Foods
KDP,Keurig Dr Pepper Inc.,Consumer Non-Durables,Beverages (Production/Distribution)
KN,Knowles Corporation,Consumer Non-Durables,Consumer Electronics/Appliances
KTB,"Kontoor Brands, Inc.",Consumer Non-Durables,Apparel
KOSS,Koss Corporation,Consumer Non-Durables,Consumer Electronics/Appliances
LW,"Lamb Weston Holdings, Inc.",Consumer Non-Durables,Packaged Foods
LANC,Lancaster Colony Corporation,Consumer Non-Durables,Packaged Foods
LNDC,Landec Corporation,Consumer Non-Durables,Packaged Foods
LEVI,Levi Strauss & Co,Consumer Non-Durables,Apparel
LWAY,"Lifeway Foods, Inc.",Consumer Non-Durables,Packaged Foods
LMNR,Limoneira Co,Consumer Non-Durables,Farming/Seeds/Milling
LULU,lululemon athletica inc.,Consumer Non-Durables,Apparel
MAT,"Mattel, Inc.",Consumer Non-Durables,Recreational Products/Toys
MKC,"McCormick & Company, Incorporated",Consumer Non-Durables,Packaged Foods
MKC.V,"McCormick & Company, Incorporated",Consumer Non-Durables,Packaged Foods
MED,MEDIFAST INC,Consumer Non-Durables,Packaged Foods
MGPI,"MGP Ingredients, Inc.",Consumer Non-Durables,Beverages (Production/Distribution)
TAP,Molson Coors Beverage Company,Consumer Non-Durables,Beverages (Production/Distribution)
MDLZ,"Mondelez International, Inc.",Consumer Non-Durables,Packaged Foods
MNST,Monster Beverage Corporation,Consumer Non-Durables,Beverages (Production/Distribution)
MOV,Movado Group Inc.,Consumer Non-Durables,Consumer Specialties
MYE,"Myers Industries, Inc.",Consumer Non-Durables,Plastic Products
NAKD,Naked Brand Group Limited,Consumer Non-Durables,Apparel
FIZZ,National Beverage Corp.,Consumer Non-Durables,Beverages (Production/Distribution)
NLS,"Nautilus Group, Inc. (The)",Consumer Non-Durables,Recreational Products/Toys
NBEV,New Age Beverages Corporation,Consumer Non-Durables,Beverages (Production/Distribution)
NWL,Newell Brands Inc.,Consumer Non-Durables,Plastic Products
NKE,"Nike, Inc.",Consumer Non-Durables,Shoe Manufacturing
NOMD,Nomad Foods Limited,Consumer Non-Durables,Packaged Foods
SEED,Origin Agritech Limited,Consumer Non-Durables,Farming/Seeds/Milling
OXM,"Oxford Industries, Inc.",Consumer Non-Durables,Apparel
PEP,"Pepsico, Inc.",Consumer Non-Durables,Beverages (Production/Distribution)
PFGC,Performance Food Group Company,Consumer Non-Durables,Food Distributors
PM,Philip Morris International Inc,Consumer Non-Durables,Farming/Seeds/Milling
PPC,Pilgrim&#39;s Pride Corporation,Consumer Non-Durables,Meat/Poultry/Fish
PLAG,Planet Green Holdings Corp,Consumer Non-Durables,Packaged Foods
POPE,Pope Resources,Consumer Non-Durables,Environmental Services
POST,"Post Holdings, Inc.",Consumer Non-Durables,Packaged Foods
PRMW,Primo Water Corporation,Consumer Non-Durables,Food Distributors
PVH,PVH Corp.,Consumer Non-Durables,Apparel
RL,Ralph Lauren Corporation,Consumer Non-Durables,Apparel
RAND,Rand Capital Corporation,Consumer Non-Durables,Textiles
RAVE,"Rave Restaurant Group, Inc.",Consumer Non-Durables,Food Distributors
REED,"Reeds, Inc.",Consumer Non-Durables,Beverages (Production/Distribution)
REV,"Revlon, Inc.",Consumer Non-Durables,Package Goods/Cosmetics
RIBT,RiceBran Technologies,Consumer Non-Durables,Packaged Foods
RCKY,"Rocky Brands, Inc.",Consumer Non-Durables,Shoe Manufacturing
RMCF,"Rocky Mountain Chocolate Factory, Inc.",Consumer Non-Durables,Specialty Foods
SANW,S&W Seed Company,Consumer Non-Durables,Farming/Seeds/Milling
SAFM,"Sanderson Farms, Inc.",Consumer Non-Durables,Meat/Poultry/Fish
SENEA,Seneca Foods Corp.,Consumer Non-Durables,Packaged Foods
SENEB,Seneca Foods Corp.,Consumer Non-Durables,Packaged Foods
SQBG,"Sequential Brands Group, Inc.",Consumer Non-Durables,Apparel
TYHT,"Shineco, Inc.",Consumer Non-Durables,Farming/Seeds/Milling
SITE,"SiteOne Landscape Supply, Inc.",Consumer Non-Durables,Farming/Seeds/Milling
SKX,"Skechers U.S.A., Inc.",Consumer Non-Durables,Shoe Manufacturing
SONO,"Sonos, Inc.",Consumer Non-Durables,Consumer Electronics/Appliances
SNE,Sony Corp Ord,Consumer Non-Durables,Consumer Electronics/Appliances
SPTN,SpartanNash Company,Consumer Non-Durables,Food Distributors
SDI,Standard Diversified Inc.,Consumer Non-Durables,Tobacco
SHOO,"Steven Madden, Ltd.",Consumer Non-Durables,Shoe Manufacturing
SGC,"Superior Group of Companies, Inc.",Consumer Non-Durables,Apparel
SYY,Sysco Corporation,Consumer Non-Durables,Food Distributors
TLF,"Tandy Leather Factory, Inc.",Consumer Non-Durables,Apparel
TPR,"Tapestry, Inc.",Consumer Non-Durables,Apparel
PETZ,"TDH Holdings, Inc.",Consumer Non-Durables,Packaged Foods
WTER,The Alkaline Water Company Inc.,Consumer Non-Durables,Food Distributors
CHEF,"The Chefs&#39; Warehouse, Inc.",Consumer Non-Durables,Food Distributors
HAIN,"The Hain Celestial Group, Inc.",Consumer Non-Durables,Packaged Foods
KHC,The Kraft Heinz Company,Consumer Non-Durables,Packaged Foods
SMPL,The Simply Good Foods Company,Consumer Non-Durables,Packaged Foods
THO,"Thor Industries, Inc.",Consumer Non-Durables,Homebuilding
TR,"Tootsie Roll Industries, Inc.",Consumer Non-Durables,Specialty Foods
THS,"Treehouse Foods, Inc.",Consumer Non-Durables,Packaged Foods
TUP,Tupperware Brands Corporation,Consumer Non-Durables,Plastic Products
TPB,"Turning Point Brands, Inc.",Consumer Non-Durables,Tobacco
TSN,"Tyson Foods, Inc.",Consumer Non-Durables,Meat/Poultry/Fish
UA,"Under Armour, Inc.",Consumer Non-Durables,Apparel
UAA,"Under Armour, Inc.",Consumer Non-Durables,Apparel
UFI,"Unifi, Inc.",Consumer Non-Durables,Textiles
UNFI,"United Natural Foods, Inc.",Consumer Non-Durables,Food Distributors
UG,"United-Guardian, Inc.",Consumer Non-Durables,Package Goods/Cosmetics
UEIC,Universal Electronics Inc.,Consumer Non-Durables,Consumer Electronics/Appliances
USFD,US Foods Holding Corp.,Consumer Non-Durables,Food Distributors
VFC,V.F. Corporation,Consumer Non-Durables,Apparel
VGR,Vector Group Ltd.,Consumer Non-Durables,Farming/Seeds/Milling
VRA,"Vera Bradley, Inc.",Consumer Non-Durables,Apparel
VFF,"Village Farms International, Inc.",Consumer Non-Durables,Farming/Seeds/Milling
WCC,"WESCO International, Inc.",Consumer Non-Durables,Telecommunications Equipment
WEYS,"Weyco Group, Inc.",Consumer Non-Durables,Apparel
WVVI,"Willamette Valley Vineyards, Inc.",Consumer Non-Durables,Beverages (Production/Distribution)
WVVIP,"Willamette Valley Vineyards, Inc.",Consumer Non-Durables,Beverages (Production/Distribution)
WGO,"Winnebago Industries, Inc.",Consumer Non-Durables,Homebuilding
WWW,"Wolverine World Wide, Inc.",Consumer Non-Durables,Shoe Manufacturing
YETI,"YETI Holdings, Inc.",Consumer Non-Durables,Recreational Products/Toys
