YI,"111, Inc.",Health Care,Medical/Nursing Services
ONEM,"1Life Healthcare, Inc.",Health Care,Medical/Nursing Services
MMM,3M Company,Health Care,Medical/Dental Instruments
ETNB,"89bio, Inc.",Health Care,Major Pharmaceuticals
ABT,Abbott Laboratories,Health Care,Major Pharmaceuticals
ABBV,AbbVie Inc.,Health Care,Major Pharmaceuticals
ABEO,Abeona Therapeutics Inc.,Health Care,Major Pharmaceuticals
ABMD,"ABIOMED, Inc.",Health Care,Medical/Dental Instruments
ACIU,AC Immune SA,Health Care,Major Pharmaceuticals
ACHC,"Acadia Healthcare Company, Inc.",Health Care,Medical Specialities
ACAD,ACADIA Pharmaceuticals Inc.,Health Care,Major Pharmaceuticals
ACST,"Acasti Pharma, Inc.",Health Care,Major Pharmaceuticals
XLRN,Acceleron Pharma Inc.,Health Care,Biotechnology: Biological Products (No Diagnostic Substances)
ARAY,Accuray Incorporated,Health Care,Medical/Dental Instruments
ACRX,"AcelRx Pharmaceuticals, Inc.",Health Care,Major Pharmaceuticals
ACER,Acer Therapeutics Inc.,Health Care,Major Pharmaceuticals
ACHV,"Achieve Life Sciences, Inc. ",Health Care,Biotechnology: In Vitro & In Vivo Diagnostic Substances
ACRS,"Aclaris Therapeutics, Inc.",Health Care,Major Pharmaceuticals
ACOR,"Acorda Therapeutics, Inc.",Health Care,Biotechnology: Biological Products (No Diagnostic Substances)
ATNM,"Actinium Pharmaceuticals, Inc.",Health Care,Major Pharmaceuticals
ADMS,"Adamas Pharmaceuticals, Inc.",Health Care,Major Pharmaceuticals
ADMP,Adamis Pharmaceuticals Corporation,Health Care,Major Pharmaceuticals
AHCO,AdaptHealth Corp. ,Health Care,Medical/Nursing Services
ADAP,Adaptimmune Therapeutics plc,Health Care,Biotechnology: Biological Products (No Diagnostic Substances)
ADPT,Adaptive Biotechnologies Corporation,Health Care,Biotechnology: Biological Products (No Diagnostic Substances)
ADXN,Addex Therapeutics Ltd,Health Care,Major Pharmaceuticals
ADUS,Addus HomeCare Corporation,Health Care,Medical/Nursing Services
ADIL,"Adial Pharmaceuticals, Inc",Health Care,Major Pharmaceuticals
ADILW,"Adial Pharmaceuticals, Inc",Health Care,Major Pharmaceuticals
ADMA,ADMA Biologics Inc,Health Care,Biotechnology: Biological Products (No Diagnostic Substances)
ADRO,"Aduro Biotech, Inc.",Health Care,Major Pharmaceuticals
ADXS,"Advaxis, Inc.",Health Care,Major Pharmaceuticals
ADVM,"Adverum Biotechnologies, Inc.",Health Care,Biotechnology: Biological Products (No Diagnostic Substances)
AGLE,"Aeglea BioTherapeutics, Inc.",Health Care,Major Pharmaceuticals
AERI,"Aerie Pharmaceuticals, Inc.",Health Care,Biotechnology: Biological Products (No Diagnostic Substances)
ARPO,"Aerpio Pharmaceuticals, Inc.",Health Care,Major Pharmaceuticals
AIH,Aesthetic Medical International Holdings Group Ltd.,Health Care,Medical Specialities
AEZS,AEterna Zentaris Inc.,Health Care,Major Pharmaceuticals
AFMD,Affimed N.V.,Health Care,Major Pharmaceuticals
AGEN,Agenus Inc.,Health Care,Biotechnology: Biological Products (No Diagnostic Substances)
AGE,"AgeX Therapeutics, Inc.",Health Care,Major Pharmaceuticals
AGRX,"Agile Therapeutics, Inc.",Health Care,Major Pharmaceuticals
AGIO,"Agios Pharmaceuticals, Inc.",Health Care,Major Pharmaceuticals
ALRN,"Aileron Therapeutics, Inc.",Health Care,Major Pharmaceuticals
AIMT,"Aimmune Therapeutics, Inc.",Health Care,Major Pharmaceuticals
AKTX,Akari Therapeutics Plc,Health Care,Major Pharmaceuticals
AKCA,"Akcea Therapeutics, Inc.",Health Care,Major Pharmaceuticals
AKBA,"Akebia Therapeutics, Inc.",Health Care,Major Pharmaceuticals
AKRO,"Akero Therapeutics, Inc.",Health Care,Major Pharmaceuticals
AKER,Akers Biosciences Inc.,Health Care,Biotechnology: In Vitro & In Vivo Diagnostic Substances
AKRX,"Akorn, Inc.",Health Care,Major Pharmaceuticals
ALBO,"Albireo Pharma, Inc.",Health Care,Major Pharmaceuticals
ALC,Alcon Inc.,Health Care,Ophthalmic Goods
ALDX,"Aldeyra Therapeutics, Inc.",Health Care,Major Pharmaceuticals
ALEC,"Alector, Inc.",Health Care,Biotechnology: Biological Products (No Diagnostic Substances)
ALXN,"Alexion Pharmaceuticals, Inc.",Health Care,Major Pharmaceuticals
ALGN,"Align Technology, Inc.",Health Care,Industrial Specialties
ALIM,"Alimera Sciences, Inc.",Health Care,Major Pharmaceuticals
ALKS,Alkermes plc,Health Care,Major Pharmaceuticals
ALLK,Allakos Inc.,Health Care,Major Pharmaceuticals
ALNA,"Allena Pharmaceuticals, Inc.",Health Care,Biotechnology: Biological Products (No Diagnostic Substances)
AGN,Allergan plc.,Health Care,Major Pharmaceuticals
AHPI,"Allied Healthcare Products, Inc.",Health Care,Industrial Specialties
ALLO,"Allogene Therapeutics, Inc.",Health Care,Biotechnology: Biological Products (No Diagnostic Substances)
ALNY,"Alnylam Pharmaceuticals, Inc.",Health Care,Major Pharmaceuticals
APT,"Alpha Pro Tech, Ltd.",Health Care,Industrial Specialties
ATEC,"Alphatec Holdings, Inc.",Health Care,Medical/Dental Instruments
ALPN,"Alpine Immune Sciences, Inc.",Health Care,Major Pharmaceuticals
ATHE,Alterity Therapeutics Limited,Health Care,Major Pharmaceuticals
ALT,"Altimmune, Inc.",Health Care,Major Pharmaceuticals
AMAG,"AMAG Pharmaceuticals, Inc.",Health Care,Major Pharmaceuticals
AMRN,Amarin Corporation plc,Health Care,Major Pharmaceuticals
AMED,Amedisys Inc,Health Care,Medical/Nursing Services
ARA,"American Renal Associates Holdings, Inc",Health Care,Misc Health and Biotechnology Services
AMS,American Shared Hospital Services,Health Care,Medical Specialities
ABC,AmerisourceBergen Corporation (Holding Co),Health Care,Other Pharmaceuticals
AMGN,Amgen Inc.,Health Care,Biotechnology: Biological Products (No Diagnostic Substances)
FOLD,"Amicus Therapeutics, Inc.",Health Care,Major Pharmaceuticals
AMRX,"Amneal Pharmaceuticals, Inc.",Health Care,Major Pharmaceuticals
AMPH,"Amphastar Pharmaceuticals, Inc.",Health Care,Major Pharmaceuticals
AMPE,"Ampio Pharmaceuticals, Inc.",Health Care,Major Pharmaceuticals
ANAB,"AnaptysBio, Inc.",Health Care,Major Pharmaceuticals
AVXL,Anavex Life Sciences Corp.,Health Care,Biotechnology: Commercial Physical & Biological Resarch
ANCN,Anchiano Therapeutics Ltd.,Health Care,Major Pharmaceuticals
ANGO,"AngioDynamics, Inc.",Health Care,Medical/Dental Instruments
ANIP,"ANI Pharmaceuticals, Inc.",Health Care,Major Pharmaceuticals
ANIK,Anika Therapeutics Inc.,Health Care,Medical/Dental Instruments
ANIX,"Anixa Biosciences, Inc.",Health Care,Medical Specialities
ANVS,"Annovis Bio, Inc.",Health Care,Major Pharmaceuticals
ANPC,"AnPac Bio-Medical Science Co., Ltd.",Health Care,Medical Specialities
ATRS,"Antares Pharma, Inc.",Health Care,Medical/Dental Instruments
ANTM,"Anthem, Inc.",Health Care,Medical Specialities
APLS,"Apellis Pharmaceuticals, Inc.",Health Care,Major Pharmaceuticals
APEN,"Apollo Endosurgery, Inc.",Health Care,Medical/Dental Instruments
AGTC,Applied Genetic Technologies Corporation,Health Care,Biotechnology: Biological Products (No Diagnostic Substances)
APLT,"Applied Therapeutics, Inc.",Health Care,Major Pharmaceuticals
APRE,"Aprea Therapeutics, Inc.",Health Care,Major Pharmaceuticals
APVO,Aptevo Therapeutics Inc.,Health Care,Major Pharmaceuticals
APTX,Aptinyx Inc.,Health Care,Major Pharmaceuticals
APM,Aptorum Group Limited,Health Care,Major Pharmaceuticals
APTO,"Aptose Biosciences, Inc.",Health Care,Biotechnology: Biological Products (No Diagnostic Substances)
APYX,Apyx Medical Corporation,Health Care,Medical/Dental Instruments
AQST,"Aquestive Therapeutics, Inc.",Health Care,Major Pharmaceuticals
ARAV,"Aravive, Inc.",Health Care,Major Pharmaceuticals
ABUS,Arbutus Biopharma Corporation,Health Care,Major Pharmaceuticals
ABIO,"ARCA biopharma, Inc.",Health Care,Biotechnology: In Vitro & In Vivo Diagnostic Substances
ARCT,Arcturus Therapeutics Holdings Inc.,Health Care,Major Pharmaceuticals
RCUS,"Arcus Biosciences, Inc.",Health Care,Major Pharmaceuticals
ARQT,"Arcutis Biotherapeutics, Inc.",Health Care,Major Pharmaceuticals
ARDX,"Ardelyx, Inc.",Health Care,Major Pharmaceuticals
ARNA,"Arena Pharmaceuticals, Inc.",Health Care,Major Pharmaceuticals
ARGX,argenx SE,Health Care,Biotechnology: Biological Products (No Diagnostic Substances)
ARDS,Aridis Pharmaceuticals Inc.,Health Care,Major Pharmaceuticals
ARMP,"Armata Pharmaceuticals, Inc.",Health Care,Biotechnology: Biological Products (No Diagnostic Substances)
ARWR,"Arrowhead Pharmaceuticals, Inc.",Health Care,Major Pharmaceuticals
TARA,"ArTara Therapeutics, Inc. ",Health Care,Biotechnology: Biological Products (No Diagnostic Substances)
ARVN,"Arvinas, Inc.",Health Care,Major Pharmaceuticals
ASND,Ascendis Pharma A/S,Health Care,Major Pharmaceuticals
ASLN,ASLAN Pharmaceuticals Limited,Health Care,Major Pharmaceuticals
ASMB,"Assembly Biosciences, Inc.",Health Care,Major Pharmaceuticals
ASRT,"Assertio Therapeutics, Inc.",Health Care,Major Pharmaceuticals
AZN,Astrazeneca PLC,Health Care,Major Pharmaceuticals
ATRA,"Atara Biotherapeutics, Inc.",Health Care,Biotechnology: Biological Products (No Diagnostic Substances)
ATNX,"Athenex, Inc.",Health Care,Major Pharmaceuticals
ATHX,"Athersys, Inc.",Health Care,Major Pharmaceuticals
ATOS,"Atossa Therapeutics, Inc.",Health Care,Major Pharmaceuticals
BCEL,"Atreca, Inc.",Health Care,Major Pharmaceuticals
ATRC,"AtriCure, Inc.",Health Care,Medical/Dental Instruments
ATRI,Atrion Corporation,Health Care,Medical/Dental Instruments
LIFE,"aTyr Pharma, Inc.",Health Care,Biotechnology: Biological Products (No Diagnostic Substances)
AUPH,Aurinia Pharmaceuticals Inc,Health Care,Major Pharmaceuticals
EARS,Auris Medical Holding Ltd.,Health Care,Major Pharmaceuticals
AUTL,Autolus Therapeutics plc,Health Care,Biotechnology: Biological Products (No Diagnostic Substances)
AVDL,Avadel Pharmaceuticals plc,Health Care,Major Pharmaceuticals
AVNS,"Avanos Medical, Inc.",Health Care,Industrial Specialties
ATXI,"Avenue Therapeutics, Inc.",Health Care,Major Pharmaceuticals
AVEO,"AVEO Pharmaceuticals, Inc.",Health Care,Major Pharmaceuticals
CDMO,"Avid Bioservices, Inc.",Health Care,Major Pharmaceuticals
CDMOP,"Avid Bioservices, Inc.",Health Care,Major Pharmaceuticals
AVGR,"Avinger, Inc.",Health Care,Medical/Dental Instruments
AVRO,"AVROBIO, Inc.",Health Care,Biotechnology: Biological Products (No Diagnostic Substances)
AXLA,Axcella Health Inc.,Health Care,Biotechnology: Biological Products (No Diagnostic Substances)
AXGN,"AxoGen, Inc.",Health Care,Biotechnology: Electromedical & Electrotherapeutic Apparatus
AXNX,"Axonics Modulation Technologies, Inc.",Health Care,Medical/Dental Instruments
AXGT,Axovant Gene Therapies Ltd.,Health Care,Major Pharmaceuticals
AXSM,"Axsome Therapeutics, Inc.",Health Care,Major Pharmaceuticals
AYTU,"Aytu BioScience, Inc.",Health Care,Major Pharmaceuticals
AZRX,"AzurRx BioPharma, Inc.",Health Care,Major Pharmaceuticals
BXRX,"Baudax Bio, Inc.",Health Care,Misc Health and Biotechnology Services
BHC,Bausch Health Companies Inc.,Health Care,Major Pharmaceuticals
BAX,Baxter International Inc.,Health Care,Medical/Dental Instruments
BDX,"Becton, Dickinson and Company",Health Care,Medical/Dental Instruments
BDXA,"Becton, Dickinson and Company",Health Care,Medical/Dental Instruments
BGNE,"BeiGene, Ltd.",Health Care,Major Pharmaceuticals
BLPH,"Bellerophon Therapeutics, Inc.",Health Care,Major Pharmaceuticals
BLCM,"Bellicum Pharmaceuticals, Inc.",Health Care,Major Pharmaceuticals
BLU,BELLUS Health Inc.,Health Care,Major Pharmaceuticals
BNTC,Benitec Biopharma Limited,Health Care,Major Pharmaceuticals
BNTCW,Benitec Biopharma Limited,Health Care,Major Pharmaceuticals
XAIR,"Beyond Air, Inc.",Health Care,Medical/Dental Instruments
BYSI,"BeyondSpring, Inc.",Health Care,Major Pharmaceuticals
BCYC,Bicycle Therapeutics plc,Health Care,Major Pharmaceuticals
BASI,"Bioanalytical Systems, Inc.",Health Care,Biotechnology: Commercial Physical & Biological Resarch
BCDA,"BioCardia, Inc.",Health Care,Biotechnology: Biological Products (No Diagnostic Substances)
BCDAW,"BioCardia, Inc.",Health Care,Biotechnology: Biological Products (No Diagnostic Substances)
BIOC,"Biocept, Inc.",Health Care,Medical Specialities
BCRX,"BioCryst Pharmaceuticals, Inc.",Health Care,Biotechnology: Biological Products (No Diagnostic Substances)
BDSI,"BioDelivery Sciences International, Inc.",Health Care,Major Pharmaceuticals
BFRA,Biofrontera AG,Health Care,Major Pharmaceuticals
BIIB,Biogen Inc.,Health Care,Biotechnology: Biological Products (No Diagnostic Substances)
BHVN,Biohaven Pharmaceutical Holding Company Ltd.,Health Care,Major Pharmaceuticals
BIOL,"Biolase, Inc.",Health Care,Medical/Dental Instruments
BLFS,"BioLife Solutions, Inc.",Health Care,Biotechnology: Electromedical & Electrotherapeutic Apparatus
BLRX,BioLineRx Ltd.,Health Care,Major Pharmaceuticals
BMRN,BioMarin Pharmaceutical Inc.,Health Care,Major Pharmaceuticals
BMRA,"Biomerica, Inc.",Health Care,Medical/Dental Instruments
PHGE,BiomX Inc.,Health Care,Biotechnology: Biological Products (No Diagnostic Substances)
BVXV,BiondVax Pharmaceuticals Ltd.,Health Care,Biotechnology: Biological Products (No Diagnostic Substances)
BVXVW,BiondVax Pharmaceuticals Ltd.,Health Care,Biotechnology: Biological Products (No Diagnostic Substances)
BNTX,BioNTech SE,Health Care,Biotechnology: Biological Products (No Diagnostic Substances)
BPTH,"Bio-Path Holdings, Inc.",Health Care,Major Pharmaceuticals
BPMX,BioPharmX Corporation,Health Care,Major Pharmaceuticals
BSGM,"BioSig Technologies, Inc.",Health Care,Biotechnology: Electromedical & Electrotherapeutic Apparatus
BSTC,BioSpecifics Technologies Corp,Health Care,Major Pharmaceuticals
TECH,Bio-Techne Corp,Health Care,Biotechnology: Biological Products (No Diagnostic Substances)
BEAT,"BioTelemetry, Inc.",Health Care,Medical Specialities
BTAI,"BioXcel Therapeutics, Inc.",Health Care,Major Pharmaceuticals
BDTX,"Black Diamond Therapeutics, Inc.",Health Care,Biotechnology: Biological Products (No Diagnostic Substances)
BLUE,"bluebird bio, Inc.",Health Care,Biotechnology: Biological Products (No Diagnostic Substances)
BPMC,Blueprint Medicines Corporation,Health Care,Major Pharmaceuticals
BSX,Boston Scientific Corporation,Health Care,Medical/Dental Instruments
BCLI,Brainstorm Cell Therapeutics Inc.,Health Care,Biotechnology: Biological Products (No Diagnostic Substances)
BWAY,Brainsway Ltd.,Health Care,Medical/Dental Instruments
BBI,"Brickell Biotech, Inc.",Health Care,Biotechnology: Biological Products (No Diagnostic Substances)
BBIO,"BridgeBio Pharma, Inc.",Health Care,Major Pharmaceuticals
BMY,Bristol-Myers Squibb Company,Health Care,Major Pharmaceuticals
BKD,Brookdale Senior Living Inc.,Health Care,Hospital/Nursing Management
CABA,"Cabaletta Bio, Inc.",Health Care,Biotechnology: Biological Products (No Diagnostic Substances)
CLBS,"Caladrius Biosciences, Inc.",Health Care,Misc Health and Biotechnology Services
CALA,"Calithera Biosciences, Inc.",Health Care,Major Pharmaceuticals
CGIX,"Cancer Genetics, Inc.",Health Care,Medical Specialities
CANF,Can-Fite Biopharma Ltd,Health Care,Major Pharmaceuticals
CMD,Cantel Medical Corp.,Health Care,Medical/Dental Instruments
CSU,Capital Senior Living Corporation,Health Care,Hospital/Nursing Management
CAPR,"Capricor Therapeutics, Inc.",Health Care,Major Pharmaceuticals
CARA,"Cara Therapeutics, Inc.",Health Care,Major Pharmaceuticals
CAH,"Cardinal Health, Inc.",Health Care,Other Pharmaceuticals
CSII,"Cardiovascular Systems, Inc.",Health Care,Medical/Dental Instruments
CDNA,"CareDx, Inc.",Health Care,Medical Specialities
CASI,"CASI Pharmaceuticals, Inc.",Health Care,Biotechnology: Biological Products (No Diagnostic Substances)
SAVA,"Cassava Sciences, Inc.",Health Care,Major Pharmaceuticals
CSTL,"Castle Biosciences, Inc.",Health Care,Medical Specialities
CATB,"Catabasis Pharmaceuticals, Inc.",Health Care,Major Pharmaceuticals
CTLT,"Catalent, Inc.",Health Care,Major Pharmaceuticals
CBIO,"Catalyst Biosciences, Inc. ",Health Care,Major Pharmaceuticals
CPRX,"Catalyst Pharmaceuticals, Inc.",Health Care,Major Pharmaceuticals
CATS,"Catasys, Inc.",Health Care,Misc Health and Biotechnology Services
CELC,Celcuity Inc.,Health Care,Medical Specialities
CLDX,"Celldex Therapeutics, Inc.",Health Care,Biotechnology: In Vitro & In Vivo Diagnostic Substances
APOP,Cellect Biotechnology Ltd.,Health Care,Medical/Dental Instruments
APOPW,Cellect Biotechnology Ltd.,Health Care,Medical/Dental Instruments
CLRB,"Cellectar Biosciences, Inc.",Health Care,Major Pharmaceuticals
CLRBZ,"Cellectar Biosciences, Inc.",Health Care,Major Pharmaceuticals
CLLS,Cellectis S.A.,Health Care,Biotechnology: Biological Products (No Diagnostic Substances)
CBMG,"Cellular Biomedicine Group, Inc.",Health Care,Biotechnology: Biological Products (No Diagnostic Substances)
CVM,Cel-Sci Corporation,Health Care,Biotechnology: Biological Products (No Diagnostic Substances)
CLSN,Celsion Corporation,Health Care,Major Pharmaceuticals
CYAD,Celyad SA,Health Care,Major Pharmaceuticals
CNC,Centene Corporation,Health Care,Medical Specialities
CNTG,Centogene N.V.,Health Care,Medical Specialities
CERC,Cerecor Inc.,Health Care,Major Pharmaceuticals
CERS,Cerus Corporation,Health Care,Medical/Dental Instruments
CSBR,"Champions Oncology, Inc.",Health Care,Biotechnology: Biological Products (No Diagnostic Substances)
CRL,"Charles River Laboratories International, Inc.",Health Care,Biotechnology: Commercial Physical & Biological Resarch
CHEK,Check-Cap Ltd.,Health Care,Medical Electronics
CHEKW,Check-Cap Ltd.,Health Care,Medical Electronics
CHEKZ,Check-Cap Ltd.,Health Care,Medical Electronics
CKPT,"Checkpoint Therapeutics, Inc.",Health Care,Major Pharmaceuticals
CEMI,"Chembio Diagnostics, Inc.",Health Care,Major Pharmaceuticals
CHE,Chemed Corp.,Health Care,Medical/Nursing Services
CCXI,"ChemoCentryx, Inc.",Health Care,Major Pharmaceuticals
CHFS,"CHF Solutions, Inc.",Health Care,Biotechnology: Electromedical & Electrotherapeutic Apparatus
CHMA,"Chiasma, Inc.",Health Care,Major Pharmaceuticals
CMRX,"Chimerix, Inc.",Health Care,Major Pharmaceuticals
CBPO,"China Biologic Products Holdings, Inc.",Health Care,Biotechnology: Biological Products (No Diagnostic Substances)
CJJD,"China Jo-Jo Drugstores, Inc.",Health Care,Medical/Nursing Services
CPHI,"China Pharma Holdings, Inc.",Health Care,Major Pharmaceuticals
SXTC,"China SXT Pharmaceuticals, Inc.",Health Care,Major Pharmaceuticals
CDTX,"Cidara Therapeutics, Inc.",Health Care,Biotechnology: Biological Products (No Diagnostic Substances)
CI,Cigna Corporation,Health Care,Medical Specialities
CTXR,"Citius Pharmaceuticals, Inc.",Health Care,Major Pharmaceuticals
CTXRW,"Citius Pharmaceuticals, Inc.",Health Care,Major Pharmaceuticals
CLSD,"Clearside Biomedical, Inc.",Health Care,Major Pharmaceuticals
CBLI,"Cleveland BioLabs, Inc.",Health Care,Biotechnology: Commercial Physical & Biological Resarch
CLVS,"Clovis Oncology, Inc.",Health Care,Major Pharmaceuticals
CNSP,"CNS Pharmaceuticals, Inc.",Health Care,Major Pharmaceuticals
COCP,"Cocrystal Pharma, Inc.",Health Care,Major Pharmaceuticals
CODX,"Co-Diagnostics, Inc.",Health Care,Medical/Dental Instruments
CWBR,"CohBar, Inc.",Health Care,Major Pharmaceuticals
CHRS,"Coherus BioSciences, Inc.",Health Care,Biotechnology: Biological Products (No Diagnostic Substances)
COLL,"Collegium Pharmaceutical, Inc.",Health Care,Major Pharmaceuticals
CYH,"Community Health Systems, Inc.",Health Care,Hospital/Nursing Management
CGEN,Compugen Ltd.,Health Care,Biotechnology: Biological Products (No Diagnostic Substances)
CNAT,Conatus Pharmaceuticals Inc.,Health Care,Major Pharmaceuticals
CNCE,"Concert Pharmaceuticals, Inc.",Health Care,Major Pharmaceuticals
CCM,Concord Medical Services Holdings Limited,Health Care,Medical/Nursing Services
CFMS,"ConforMIS, Inc.",Health Care,Industrial Specialties
CNMD,CONMED Corporation,Health Care,Biotechnology: Electromedical & Electrotherapeutic Apparatus
CNST,"Constellation Pharmaceuticals, Inc.",Health Care,Major Pharmaceuticals
CFRX,ContraFect Corporation,Health Care,Major Pharmaceuticals
CRBP,"Corbus Pharmaceuticals Holdings, Inc.",Health Care,Major Pharmaceuticals
CORT,Corcept Therapeutics Incorporated,Health Care,Major Pharmaceuticals
CRMD,CorMedix Inc.,Health Care,Major Pharmaceuticals
CORV,Correvio Pharma Corp.,Health Care,Major Pharmaceuticals
CRTX,"Cortexyme, Inc.",Health Care,Biotechnology: Biological Products (No Diagnostic Substances)
CRVS,"Corvus Pharmaceuticals, Inc.",Health Care,Major Pharmaceuticals
CVET,"Covetrus, Inc.",Health Care,Medical/Nursing Services
CRHM,CRH Medical Corporation,Health Care,Medical/Nursing Services
CRNX,"Crinetics Pharmaceuticals, Inc.",Health Care,Major Pharmaceuticals
CRSP,CRISPR Therapeutics AG,Health Care,Biotechnology: Biological Products (No Diagnostic Substances)
CRY,"CryoLife, Inc.",Health Care,Medical/Dental Instruments
CYRX,"CryoPort, Inc.",Health Care,Major Pharmaceuticals
CYRXW,"CryoPort, Inc.",Health Care,Major Pharmaceuticals
CTIC,CTI BioPharma Corp.,Health Care,Major Pharmaceuticals
CUE,"Cue Biopharma, Inc.",Health Care,Major Pharmaceuticals
CPIX,Cumberland Pharmaceuticals Inc.,Health Care,Major Pharmaceuticals
CRIS,"Curis, Inc.",Health Care,Biotechnology: Biological Products (No Diagnostic Substances)
CUTR,"Cutera, Inc.",Health Care,Biotechnology: Electromedical & Electrotherapeutic Apparatus
CVS,CVS Health Corporation,Health Care,Medical/Nursing Services
CYCC,"Cyclacel Pharmaceuticals, Inc.",Health Care,Major Pharmaceuticals
CYCCP,"Cyclacel Pharmaceuticals, Inc.",Health Care,Major Pharmaceuticals
CYCN,"Cyclerion Therapeutics, Inc.",Health Care,Major Pharmaceuticals
CBAY,CymaBay Therapeutics Inc.,Health Care,Major Pharmaceuticals
CYTK,"Cytokinetics, Incorporated",Health Care,Major Pharmaceuticals
CTMX,"CytomX Therapeutics, Inc.",Health Care,Major Pharmaceuticals
CTSO,Cytosorbents Corporation,Health Care,Medical/Dental Instruments
DARE,"Dare Bioscience, Inc.",Health Care,Major Pharmaceuticals
DRIO,DarioHealth Corp.,Health Care,Medical/Dental Instruments
DRIOW,DarioHealth Corp.,Health Care,Medical/Dental Instruments
DVA,DaVita Inc.,Health Care,Misc Health and Biotechnology Services
DXR,Daxor Corporation,Health Care,Medical/Dental Instruments
DBVT,DBV Technologies S.A.,Health Care,Biotechnology: Biological Products (No Diagnostic Substances)
DCPH,"Deciphera Pharmaceuticals, Inc.",Health Care,Major Pharmaceuticals
DMPI,"DelMar Pharmaceuticals, Inc.",Health Care,Major Pharmaceuticals
DNLI,Denali Therapeutics Inc.,Health Care,Biotechnology: Biological Products (No Diagnostic Substances)
XRAY,DENTSPLY SIRONA Inc.,Health Care,Medical/Dental Instruments
DERM,"Dermira, Inc.",Health Care,Major Pharmaceuticals
DMTK,"DermTech, Inc.",Health Care,Medical Specialities
DXCM,"DexCom, Inc.",Health Care,Medical/Dental Instruments
DMAC,DiaMedica Therapeutics Inc.,Health Care,Major Pharmaceuticals
DRNA,"Dicerna Pharmaceuticals, Inc.",Health Care,Major Pharmaceuticals
DFFN,Diffusion Pharmaceuticals Inc.,Health Care,Major Pharmaceuticals
DRAD,Digirad Corporation,Health Care,Biotechnology: Electromedical & Electrotherapeutic Apparatus
DRADP,Digirad Corporation,Health Care,Biotechnology: Electromedical & Electrotherapeutic Apparatus
RDY,Dr. Reddy&#39;s Laboratories Ltd,Health Care,Major Pharmaceuticals
DRRX,DURECT Corporation,Health Care,Major Pharmaceuticals
DYAI,"Dyadic International, Inc.",Health Care,Biotechnology: Biological Products (No Diagnostic Substances)
DYNT,Dynatronics Corporation,Health Care,Medical/Dental Instruments
DVAX,Dynavax Technologies Corporation,Health Care,Major Pharmaceuticals
EGRX,"Eagle Pharmaceuticals, Inc.",Health Care,Major Pharmaceuticals
EDAP,EDAP TMS S.A.,Health Care,Biotechnology: Electromedical & Electrotherapeutic Apparatus
EDSA,"Edesa Biotech, Inc.",Health Care,Major Pharmaceuticals
EDIT,"Editas Medicine, Inc.",Health Care,Biotechnology: Biological Products (No Diagnostic Substances)
EW,Edwards Lifesciences Corporation,Health Care,Industrial Specialties
EIDX,"Eidos Therapeutics, Inc.",Health Care,Major Pharmaceuticals
EIGR,"Eiger BioPharmaceuticals, Inc.",Health Care,Biotechnology: Biological Products (No Diagnostic Substances)
ELAN,Elanco Animal Health Incorporated,Health Care,Major Pharmaceuticals
ELAT,Elanco Animal Health Incorporated,Health Care,Major Pharmaceuticals
ECOR,"electroCore, Inc.",Health Care,Biotechnology: Electromedical & Electrotherapeutic Apparatus
ELMD,"Electromed, Inc.",Health Care,Biotechnology: Electromedical & Electrotherapeutic Apparatus
LLY,Eli Lilly and Company,Health Care,Major Pharmaceuticals
ELOX,"Eloxx Pharmaceuticals, Inc.",Health Care,Biotechnology: Commercial Physical & Biological Resarch
EBS,"Emergent Biosolutions, Inc.",Health Care,Major Pharmaceuticals
ENTA,"Enanta Pharmaceuticals, Inc.",Health Care,Major Pharmaceuticals
EHC,Encompass Health Corporation,Health Care,Hospital/Nursing Management
ENDP,Endo International plc,Health Care,Major Pharmaceuticals
ELGX,"Endologix, Inc.",Health Care,Medical/Dental Instruments
NDRA,ENDRA Life Sciences Inc.,Health Care,Biotechnology: Electromedical & Electrotherapeutic Apparatus
NDRAW,ENDRA Life Sciences Inc.,Health Care,Biotechnology: Electromedical & Electrotherapeutic Apparatus
ENLV,Enlivex Therapeutics Ltd.,Health Care,Major Pharmaceuticals
ENOB,"Enochian Biosciences, Inc.",Health Care,Major Pharmaceuticals
ETTX,Entasis Therapeutics Holdings Inc.,Health Care,Major Pharmaceuticals
ENTX,Entera Bio Ltd.,Health Care,Biotechnology: Biological Products (No Diagnostic Substances)
ENTXW,Entera Bio Ltd.,Health Care,Biotechnology: Biological Products (No Diagnostic Substances)
NVST,Envista Holdings Corporation,Health Care,Medical/Dental Instruments
ENZ,"Enzo Biochem, Inc.",Health Care,Medical Specialities
EPZM,"Epizyme, Inc.",Health Care,Major Pharmaceuticals
EQ,"Equillium, Inc.",Health Care,Major Pharmaceuticals
ERYP,Erytech Pharma S.A.,Health Care,Biotechnology: Biological Products (No Diagnostic Substances)
ESPR,"Esperion Therapeutics, Inc.",Health Care,Major Pharmaceuticals
EPIX,ESSA Pharma Inc.,Health Care,Major Pharmaceuticals
ESTA,Establishment Labs Holdings Inc.,Health Care,Industrial Specialties
ETON,"Eton Pharmaceuticals, Inc.",Health Care,Major Pharmaceuticals
EVLO,"Evelo Biosciences, Inc.",Health Care,Major Pharmaceuticals
EVFM,"Evofem Biosciences, Inc.",Health Care,Major Pharmaceuticals
EVOK,"Evoke Pharma, Inc.",Health Care,Major Pharmaceuticals
EOLS,"Evolus, Inc.",Health Care,Major Pharmaceuticals
EXAS,Exact Sciences Corporation,Health Care,Biotechnology: Commercial Physical & Biological Resarch
XGN,Exagen Inc.,Health Care,Medical Specialities
EXEL,"Exelixis, Inc.",Health Care,Biotechnology: Commercial Physical & Biological Resarch
XCUR,"Exicure, Inc.",Health Care,Major Pharmaceuticals
EYEG,"Eyegate Pharmaceuticals, Inc.",Health Care,Major Pharmaceuticals
EYEGW,"Eyegate Pharmaceuticals, Inc.",Health Care,Major Pharmaceuticals
EYEN,"Eyenovia, Inc.",Health Care,Major Pharmaceuticals
FATE,"Fate Therapeutics, Inc.",Health Care,Biotechnology: Biological Products (No Diagnostic Substances)
FENC,Fennec Pharmaceuticals Inc.,Health Care,Biotechnology: Biological Products (No Diagnostic Substances)
FGEN,"FibroGen, Inc",Health Care,Major Pharmaceuticals
FPRX,"Five Prime Therapeutics, Inc.",Health Care,Major Pharmaceuticals
FVE,Five Star Senior Living Inc.,Health Care,Hospital/Nursing Management
FLXN,"Flexion Therapeutics, Inc.",Health Care,Major Pharmaceuticals
FONR,Fonar Corporation,Health Care,Biotechnology: Electromedical & Electrotherapeutic Apparatus
FBIO,"Fortress Biotech, Inc.",Health Care,Major Pharmaceuticals
FBIOP,"Fortress Biotech, Inc.",Health Care,Major Pharmaceuticals
FTSV,"Forty Seven, Inc.",Health Care,Major Pharmaceuticals
FWP,Forward Pharma A/S,Health Care,Major Pharmaceuticals
FREQ,"Frequency Therapeutics, Inc.",Health Care,Major Pharmaceuticals
FMS,Fresenius Medical Care Corporation,Health Care,Misc Health and Biotechnology Services
FULC,"Fulcrum Therapeutics, Inc.",Health Care,Major Pharmaceuticals
FLGT,"Fulgent Genetics, Inc.",Health Care,Medical Specialities
GTHX,"G1 Therapeutics, Inc.",Health Care,Major Pharmaceuticals
GLPG,Galapagos NV,Health Care,Major Pharmaceuticals
GALT,Galectin Therapeutics Inc.,Health Care,Major Pharmaceuticals
GRTX,"Galera Therapeutics, Inc.",Health Care,Major Pharmaceuticals
GLMD,Galmed Pharmaceuticals Ltd.,Health Care,Major Pharmaceuticals
GMDA,Gamida Cell Ltd.,Health Care,Biotechnology: Biological Products (No Diagnostic Substances)
GEN           ,"Genesis Healthcare, Inc.",Health Care,Hospital/Nursing Management
GENE,Genetic Technologies Ltd,Health Care,Biotechnology: Biological Products (No Diagnostic Substances)
GNFT,GENFIT S.A.,Health Care,Biotechnology: Biological Products (No Diagnostic Substances)
GMAB,Genmab A/S,Health Care,Major Pharmaceuticals
GNMK,"GenMark Diagnostics, Inc.",Health Care,Medical/Dental Instruments
GNCA,"Genocea Biosciences, Inc.",Health Care,Biotechnology: Biological Products (No Diagnostic Substances)
GNPX,"Genprex, Inc.",Health Care,Major Pharmaceuticals
GERN,Geron Corporation,Health Care,Major Pharmaceuticals
GILD,"Gilead Sciences, Inc.",Health Care,Biotechnology: Biological Products (No Diagnostic Substances)
GKOS,Glaukos Corporation,Health Care,Medical/Dental Instruments
GSK,GlaxoSmithKline PLC,Health Care,Major Pharmaceuticals
GBT,"Global Blood Therapeutics, Inc.",Health Care,Major Pharmaceuticals
GMED,"Globus Medical, Inc.",Health Care,Medical/Dental Instruments
GLYC,"GlycoMimetics, Inc.",Health Care,Major Pharmaceuticals
GOSS,"Gossamer Bio, Inc.",Health Care,Major Pharmaceuticals
GRFS,"Grifols, S.A.",Health Care,Major Pharmaceuticals
GRTS,"Gritstone Oncology, Inc.",Health Care,Biotechnology: Biological Products (No Diagnostic Substances)
GH,"Guardant Health, Inc.",Health Care,Medical Specialities
GHSI,"Guardion Health Sciences, Inc.",Health Care,Major Pharmaceuticals
GWPH,GW Pharmaceuticals Plc,Health Care,Major Pharmaceuticals
HAE,Haemonetics Corporation,Health Care,Medical/Dental Instruments
HALO,"Halozyme Therapeutics, Inc.",Health Care,Biotechnology: Biological Products (No Diagnostic Substances)
HJLI,"Hancock Jaffe Laboratories, Inc.",Health Care,Medical/Dental Instruments
HJLIW,"Hancock Jaffe Laboratories, Inc.",Health Care,Medical/Dental Instruments
HNGR,"Hanger, Inc.",Health Care,Medical Specialities
HARP,"Harpoon Therapeutics, Inc.",Health Care,Biotechnology: Biological Products (No Diagnostic Substances)
HROW,"Harrow Health, Inc.",Health Care,Major Pharmaceuticals
HCA,"HCA Healthcare, Inc.",Health Care,Hospital/Nursing Management
HCSG,"Healthcare Services Group, Inc.",Health Care,Hospital/Nursing Management
HTBX,"Heat Biologics, Inc.",Health Care,Major Pharmaceuticals
HSDT,"Helius Medical Technologies, Inc.",Health Care,Biotechnology: Electromedical & Electrotherapeutic Apparatus
AIM,"Hemispherx BioPharma, Inc.",Health Care,Biotechnology: Biological Products (No Diagnostic Substances)
HSIC,"Henry Schein, Inc.",Health Care,Medical Specialities
HEPA,"Hepion Pharmaceuticals, Inc.",Health Care,Major Pharmaceuticals
HLF,Herbalife Nutrition Ltd.,Health Care,Other Pharmaceuticals
HRTX,"Heron Therapeutics, Inc.  ",Health Care,Major Pharmaceuticals
HSKA,Heska Corporation,Health Care,Biotechnology: In Vitro & In Vivo Diagnostic Substances
HRC,Hill-Rom Holdings Inc,Health Care,Medical/Dental Instruments
HOLX,"Hologic, Inc.",Health Care,Medical Electronics
FIXX,"Homology Medicines, Inc.",Health Care,Major Pharmaceuticals
HOOK,HOOKIPA Pharma Inc.,Health Care,Major Pharmaceuticals
HZNP,Horizon Therapeutics Public Limited Company,Health Care,Major Pharmaceuticals
HOTH,"Hoth Therapeutics, Inc.",Health Care,Major Pharmaceuticals
HUM,Humana Inc.,Health Care,Medical Specialities
HCM,Hutchison China MediTech Limited,Health Care,Major Pharmaceuticals
IBIO,"iBio, Inc.",Health Care,Major Pharmaceuticals
ICAD,icad inc.,Health Care,Medical/Dental Instruments
ICLR,ICON plc,Health Care,Biotechnology: Commercial Physical & Biological Resarch
ICUI,"ICU Medical, Inc.",Health Care,Medical/Dental Instruments
IDYA,"IDEAYA Biosciences, Inc.",Health Care,Major Pharmaceuticals
IDRA,"Idera Pharmaceuticals, Inc.",Health Care,Biotechnology: Biological Products (No Diagnostic Substances)
IDXX,"IDEXX Laboratories, Inc.",Health Care,Biotechnology: In Vitro & In Vivo Diagnostic Substances
IGMS,"IGM Biosciences, Inc.",Health Care,Major Pharmaceuticals
IMAB,I-MAB,Health Care,Major Pharmaceuticals
IMAC,"IMAC Holdings, Inc.",Health Care,Medical Specialities
IMACW,"IMAC Holdings, Inc.",Health Care,Medical Specialities
ICCC,ImmuCell Corporation,Health Care,Biotechnology: In Vitro & In Vivo Diagnostic Substances
IMUX,"Immunic, Inc. ",Health Care,Major Pharmaceuticals
IMGN,"ImmunoGen, Inc.",Health Care,Major Pharmaceuticals
IMMU,"Immunomedics, Inc.",Health Care,Biotechnology: In Vitro & In Vivo Diagnostic Substances
IMRN,Immuron Limited,Health Care,Major Pharmaceuticals
IMRNW,Immuron Limited,Health Care,Major Pharmaceuticals
IMMP,Immutep Limited,Health Care,Major Pharmaceuticals
IMV,IMV Inc.,Health Care,Major Pharmaceuticals
INCY,Incyte Corporation,Health Care,Biotechnology: Commercial Physical & Biological Resarch
INFI,"Infinity Pharmaceuticals, Inc.",Health Care,Major Pharmaceuticals
INFU,"InfuSystems Holdings, Inc.",Health Care,Medical/Dental Instruments
INMD,INMODE LTD.,Health Care,Biotechnology: Electromedical & Electrotherapeutic Apparatus
INMB,INmune Bio Inc.,Health Care,Biotechnology: Biological Products (No Diagnostic Substances)
IPHA,Innate Pharma S.A.,Health Care,Biotechnology: Biological Products (No Diagnostic Substances)
INNT,"Innovate Biopharmaceuticals, Inc.",Health Care,Major Pharmaceuticals
INVA,"Innoviva, Inc.",Health Care,Major Pharmaceuticals
INGN,"Inogen, Inc",Health Care,Industrial Specialties
INO,"Inovio Pharmaceuticals, Inc.",Health Care,Medical/Dental Instruments
INSM,"Insmed, Inc.",Health Care,Major Pharmaceuticals
INSP,"Inspire Medical Systems, Inc.",Health Care,Medical/Dental Instruments
NSPR,InspireMD Inc.,Health Care,Medical/Dental Instruments
PODD,Insulet Corporation,Health Care,Medical/Dental Instruments
NTEC,Intec Pharma Ltd.,Health Care,Major Pharmaceuticals
IART,Integra LifeSciences Holdings Corporation,Health Care,Medical/Dental Instruments
NTLA,"Intellia Therapeutics, Inc.",Health Care,Biotechnology: In Vitro & In Vivo Diagnostic Substances
ICPT,"Intercept Pharmaceuticals, Inc.",Health Care,Major Pharmaceuticals
IDXG,"Interpace Biosciences, Inc.",Health Care,Medical/Dental Instruments
XENT,"Intersect ENT, Inc.",Health Care,Medical/Dental Instruments
ITCI,Intra-Cellular Therapies Inc.,Health Care,Major Pharmaceuticals
ISRG,"Intuitive Surgical, Inc.",Health Care,Industrial Specialties
IVC,Invacare Corporation,Health Care,Industrial Specialties
NVTA,Invitae Corporation,Health Care,Medical Specialities
NVIV,InVivo Therapeutics Holdings Corp.,Health Care,Medical/Dental Instruments
IONS,"Ionis Pharmaceuticals, Inc.",Health Care,Major Pharmaceuticals
IOVA,"Iovance Biotherapeutics, Inc.",Health Care,Biotechnology: Biological Products (No Diagnostic Substances)
IQV,"IQVIA Holdings, Inc.",Health Care,Biotechnology: Commercial Physical & Biological Resarch
IRMD,iRadimed Corporation,Health Care,Medical/Dental Instruments
IRTC,"iRhythm Technologies, Inc.",Health Care,Medical/Dental Instruments
IRIX,IRIDEX Corporation,Health Care,Biotechnology: Electromedical & Electrotherapeutic Apparatus
IRWD,"Ironwood Pharmaceuticals, Inc.",Health Care,Major Pharmaceuticals
ISR,"IsoRay, Inc.",Health Care,Medical/Dental Instruments
ITMR,Itamar Medical Ltd.,Health Care,Medical/Dental Instruments
ITRM,Iterum Therapeutics plc,Health Care,Major Pharmaceuticals
ISEE,"IVERIC bio, Inc.",Health Care,Major Pharmaceuticals
JAGX,"Jaguar Health, Inc.",Health Care,Major Pharmaceuticals
JAZZ,Jazz Pharmaceuticals plc,Health Care,Major Pharmaceuticals
JNJ,Johnson & Johnson,Health Care,Major Pharmaceuticals
JNCE,"Jounce Therapeutics, Inc.",Health Care,Biotechnology: Biological Products (No Diagnostic Substances)
KDMN,"Kadmon Holdings, Inc.",Health Care,Major Pharmaceuticals
KALA,"Kala Pharmaceuticals, Inc.",Health Care,Major Pharmaceuticals
KLDO,"Kaleido Biosciences, Inc.",Health Care,Biotechnology: Biological Products (No Diagnostic Substances)
KALV,"KalVista Pharmaceuticals, Inc.",Health Care,Major Pharmaceuticals
KMDA,Kamada Ltd.,Health Care,Major Pharmaceuticals
KRTX,"Karuna Therapeutics, Inc.",Health Care,Major Pharmaceuticals
KPTI,Karyopharm Therapeutics Inc.,Health Care,Major Pharmaceuticals
KZIA,Kazia Therapeutics Limited,Health Care,Major Pharmaceuticals
KMPH,"KemPharm, Inc.",Health Care,Major Pharmaceuticals
KZR,"Kezar Life Sciences, Inc.",Health Care,Major Pharmaceuticals
KIN,"Kindred Biosciences, Inc.",Health Care,Major Pharmaceuticals
KNSA,"Kiniksa Pharmaceuticals, Ltd.",Health Care,Major Pharmaceuticals
KTOV,Kitov Pharma Ltd.,Health Care,Major Pharmaceuticals
KTOVW,Kitov Pharma Ltd.,Health Care,Major Pharmaceuticals
KOD,Kodiak Sciences Inc,Health Care,Biotechnology: Biological Products (No Diagnostic Substances)
KRYS,"Krystal Biotech, Inc.",Health Care,Biotechnology: Biological Products (No Diagnostic Substances)
KURA,"Kura Oncology, Inc.",Health Care,Major Pharmaceuticals
LJPC,La Jolla Pharmaceutical Company,Health Care,Biotechnology: Biological Products (No Diagnostic Substances)
LH,Laboratory Corporation of America Holdings,Health Care,Medical Specialities
LAKE,"Lakeland Industries, Inc.",Health Care,Industrial Specialties
LCI,Lannett Co Inc,Health Care,Major Pharmaceuticals
LNTH,"Lantheus Holdings, Inc.",Health Care,Biotechnology: In Vitro & In Vivo Diagnostic Substances
LPTX,"LEAP THERAPEUTICS, INC.",Health Care,Major Pharmaceuticals
LMAT,"LeMaitre Vascular, Inc.",Health Care,Medical/Dental Instruments
LXRX,"Lexicon Pharmaceuticals, Inc.",Health Care,Major Pharmaceuticals
LHCG,LHC Group,Health Care,Medical/Nursing Services
LLIT,Lianluo Smart Limited,Health Care,Medical/Dental Instruments
LFVN,Lifevantage Corporation,Health Care,Major Pharmaceuticals
LGND,Ligand Pharmaceuticals Incorporated,Health Care,Major Pharmaceuticals
LMNL,Liminal BioSciences Inc.,Health Care,Major Pharmaceuticals
LCTX,"Lineage Cell Therapeutics, Inc.",Health Care,Biotechnology: Biological Products (No Diagnostic Substances)
LPCN,Lipocine Inc.,Health Care,Major Pharmaceuticals
LQDA,"Liquidia Technologies, Inc.",Health Care,Biotechnology: Biological Products (No Diagnostic Substances)
LIVN,LivaNova PLC,Health Care,Biotechnology: Electromedical & Electrotherapeutic Apparatus
LOGC,"LogicBio Therapeutics, Inc.",Health Care,Biotechnology: Biological Products (No Diagnostic Substances)
LMNX,Luminex Corporation,Health Care,Medical/Dental Instruments
LUNA,Luna Innovations Incorporated,Health Care,Biotechnology: Commercial Physical & Biological Resarch
MGNX,"MacroGenics, Inc.",Health Care,Major Pharmaceuticals
MDGL,"Madrigal Pharmaceuticals, Inc.",Health Care,Major Pharmaceuticals
MGLN,"Magellan Health, Inc.",Health Care,Hospital/Nursing Management
MGTA,"Magenta Therapeutics, Inc.",Health Care,Major Pharmaceuticals
MNK,Mallinckrodt plc,Health Care,Major Pharmaceuticals
MNKD,MannKind Corporation,Health Care,Major Pharmaceuticals
MRNS,"Marinus Pharmaceuticals, Inc.",Health Care,Major Pharmaceuticals
MRKR,"Marker Therapeutics, Inc.",Health Care,Major Pharmaceuticals
MASI,Masimo Corporation,Health Care,Biotechnology: Electromedical & Electrotherapeutic Apparatus
MTNB,"Matinas Biopharma Holdings, Inc.",Health Care,Major Pharmaceuticals
MCK,McKesson Corporation,Health Care,Other Pharmaceuticals
MNOV,"MediciNova, Inc.",Health Care,Major Pharmaceuticals
MDGS,Medigus Ltd.,Health Care,Medical/Dental Instruments
MDGSW,Medigus Ltd.,Health Care,Medical/Dental Instruments
MD,"Mednax, Inc",Health Care,Hospital/Nursing Management
MEDP,"Medpace Holdings, Inc.",Health Care,Biotechnology: Commercial Physical & Biological Resarch
MDT,Medtronic plc,Health Care,Biotechnology: Electromedical & Electrotherapeutic Apparatus
MEIP,"MEI Pharma, Inc.",Health Care,Major Pharmaceuticals
MGTX,MeiraGTx Holdings plc,Health Care,Biotechnology: Biological Products (No Diagnostic Substances)
MNLO,Menlo Therapeutics Inc.,Health Care,Major Pharmaceuticals
MRK,"Merck & Company, Inc.",Health Care,Major Pharmaceuticals
MREO,Mereo BioPharma Group plc,Health Care,Major Pharmaceuticals
VIVO,Meridian Bioscience Inc.,Health Care,Biotechnology: In Vitro & In Vivo Diagnostic Substances
MMSI,"Merit Medical Systems, Inc.",Health Care,Medical/Dental Instruments
MACK,"Merrimack Pharmaceuticals, Inc.",Health Care,Major Pharmaceuticals
MRSN,"Mersana Therapeutics, Inc.",Health Care,Major Pharmaceuticals
MRUS,Merus N.V.,Health Care,Major Pharmaceuticals
MESO,Mesoblast Limited,Health Care,Biotechnology: Biological Products (No Diagnostic Substances)
MBOT,Microbot Medical Inc. ,Health Care,Biotechnology: Biological Products (No Diagnostic Substances)
MICR,"Micron Solutions, Inc.",Health Care,Biotechnology: Electromedical & Electrotherapeutic Apparatus
MTP,Midatech Pharma PLC,Health Care,Major Pharmaceuticals
MIST,Milestone Pharmaceuticals Inc.,Health Care,Major Pharmaceuticals
MLSS,"Milestone Scientific, Inc.",Health Care,Industrial Specialties
MLND,"Millendo Therapeutics, Inc. ",Health Care,Major Pharmaceuticals
NERV,"Minerva Neurosciences, Inc",Health Care,Major Pharmaceuticals
MGEN,"Miragen Therapeutics, Inc.",Health Care,Medical Specialities
MRTX,"Mirati Therapeutics, Inc.",Health Care,Major Pharmaceuticals
MIRM,"Mirum Pharmaceuticals, Inc.",Health Care,Major Pharmaceuticals
MRNA,"Moderna, Inc.",Health Care,Biotechnology: Biological Products (No Diagnostic Substances)
MTEM,"Molecular Templates, Inc.",Health Care,Major Pharmaceuticals
MBRX,"Moleculin Biotech, Inc.",Health Care,Major Pharmaceuticals
MOH,Molina Healthcare Inc,Health Care,Medical Specialities
MNTA,"Momenta Pharmaceuticals, Inc.",Health Care,Biotechnology: Biological Products (No Diagnostic Substances)
MNPR,Monopar Therapeutics Inc.,Health Care,Major Pharmaceuticals
MORF,"Morphic Holding, Inc.",Health Care,Major Pharmaceuticals
MOR,MorphoSys AG,Health Care,Major Pharmaceuticals
MOTS,"Motus GI Holdings, Inc.",Health Care,Medical/Dental Instruments
MRIC,"MRI Interventions, Inc.",Health Care,Medical/Dental Instruments
MSA,MSA Safety Incorporporated,Health Care,Industrial Specialties
MBIO,"Mustang Bio, Inc.",Health Care,Major Pharmaceuticals
MYL,Mylan N.V.,Health Care,Major Pharmaceuticals
MYOK,"MyoKardia, Inc.",Health Care,Major Pharmaceuticals
MYO,Myomo Inc.,Health Care,Industrial Specialties
MYOS,MYOS RENS Technology Inc.,Health Care,Major Pharmaceuticals
MYOV,Myovant Sciences Ltd.,Health Care,Major Pharmaceuticals
MYGN,"Myriad Genetics, Inc.",Health Care,Biotechnology: In Vitro & In Vivo Diagnostic Substances
NBRV,Nabriva Therapeutics plc,Health Care,Major Pharmaceuticals
NSTG,"NanoString Technologies, Inc.",Health Care,Biotechnology: Biological Products (No Diagnostic Substances)
NAOV,"NanoVibronix, Inc.",Health Care,Industrial Specialties
NNVC,"NanoViricides, Inc.",Health Care,Biotechnology: Commercial Physical & Biological Resarch
NK,"NantKwest, Inc.",Health Care,Biotechnology: Biological Products (No Diagnostic Substances)
NTRA,"Natera, Inc.",Health Care,Medical Specialities
NHC,National HealthCare Corporation,Health Care,Hospital/Nursing Management
NRC,National Research Corporation,Health Care,Biotechnology: Commercial Physical & Biological Resarch
EYE,"National Vision Holdings, Inc.",Health Care,Ophthalmic Goods
NATR,"Nature&#39;s Sunshine Products, Inc.",Health Care,Major Pharmaceuticals
NTUS,Natus Medical Incorporated,Health Care,Biotechnology: Electromedical & Electrotherapeutic Apparatus
NAVB,"Navidea Biopharmaceuticals, Inc.",Health Care,Biotechnology: In Vitro & In Vivo Diagnostic Substances
NKTR,Nektar Therapeutics,Health Care,Major Pharmaceuticals
NMRD,Nemaura Medical Inc.,Health Care,Medical/Dental Instruments
NEOG,Neogen Corporation,Health Care,Biotechnology: In Vitro & In Vivo Diagnostic Substances
NEO,"NeoGenomics, Inc.",Health Care,Precision Instruments
NLTX,"Neoleukin Therapeutics, Inc.",Health Care,Major Pharmaceuticals
NTGN,"Neon Therapeutics, Inc.",Health Care,Biotechnology: Biological Products (No Diagnostic Substances)
NEOS,"Neos Therapeutics, Inc.",Health Care,Major Pharmaceuticals
NVCN,Neovasc Inc.,Health Care,Medical/Dental Instruments
NEPH,"Nephros, Inc.",Health Care,Medical/Dental Instruments
NEPT,Neptune Wellness Solutions Inc.,Health Care,Major Pharmaceuticals
NBSE,"NeuBase Therapeutics, Inc. ",Health Care,Major Pharmaceuticals
NRBO,"NeuroBo Pharmaceuticals, Inc.",Health Care,Major Pharmaceuticals
NBIX,"Neurocrine Biosciences, Inc.",Health Care,Biotechnology: Biological Products (No Diagnostic Substances)
NURO,"NeuroMetrix, Inc.",Health Care,Medical/Dental Instruments
NUROW,"NeuroMetrix, Inc.",Health Care,Medical/Dental Instruments
STIM,"Neuronetics, Inc.",Health Care,Medical/Dental Instruments
NTRP,"Neurotrope, Inc.",Health Care,Major Pharmaceuticals
NVRO,Nevro Corp.,Health Care,Medical/Dental Instruments
NLNK,NewLink Genetics Corporation,Health Care,Major Pharmaceuticals
NXTC,"NextCure, Inc.",Health Care,Major Pharmaceuticals
NGM,"NGM Biopharmaceuticals, Inc.",Health Care,Major Pharmaceuticals
NBY,"NovaBay Pharmaceuticals, Inc.",Health Care,Major Pharmaceuticals
NOVN,"Novan, Inc.",Health Care,Major Pharmaceuticals
NVS,Novartis AG,Health Care,Major Pharmaceuticals
NVAX,"Novavax, Inc.",Health Care,Biotechnology: Biological Products (No Diagnostic Substances)
NVO,Novo Nordisk A/S,Health Care,Major Pharmaceuticals
NVCR,NovoCure Limited,Health Care,Medical/Dental Instruments
NVUS,"Novus Therapeutics, Inc.",Health Care,Major Pharmaceuticals
NUS,"Nu Skin Enterprises, Inc.",Health Care,Other Pharmaceuticals
NCNA,NuCana plc,Health Care,Major Pharmaceuticals
NUVA,"NuVasive, Inc.",Health Care,Medical/Dental Instruments
NYMX,Nymox Pharmaceutical Corporation,Health Care,Biotechnology: In Vitro & In Vivo Diagnostic Substances
OBLN,"Obalon Therapeutics, Inc.",Health Care,Medical/Dental Instruments
OBSV,ObsEva SA,Health Care,Major Pharmaceuticals
OCGN,"Ocugen, Inc.",Health Care,Industrial Specialties
OCUL,"Ocular Therapeutix, Inc.",Health Care,Major Pharmaceuticals
ODT,"Odonate Therapeutics, Inc.",Health Care,Major Pharmaceuticals
OMER,Omeros Corporation,Health Care,Major Pharmaceuticals
OCX,OncoCyte Corporation,Health Care,Biotechnology: In Vitro & In Vivo Diagnostic Substances
ONCY,Oncolytics Biotech Inc.,Health Care,Major Pharmaceuticals
ONTX,"Onconova Therapeutics, Inc.",Health Care,Major Pharmaceuticals
ONTXW,"Onconova Therapeutics, Inc.",Health Care,Major Pharmaceuticals
ONCS,OncoSec Medical Incorporated,Health Care,Major Pharmaceuticals
ONCT,"Oncternal Therapeutics, Inc. ",Health Care,Major Pharmaceuticals
OPGN,"OpGen, Inc.",Health Care,Medical Specialities
OPGNW,"OpGen, Inc.",Health Care,Medical Specialities
OPK,"Opko Health, Inc.",Health Care,Major Pharmaceuticals
OPTN,"OptiNose, Inc.",Health Care,Major Pharmaceuticals
OPCH,"Option Care Health, Inc.",Health Care,Medical/Nursing Services
OGEN,Oragenics Inc.,Health Care,Major Pharmaceuticals
ORMP,Oramed Pharmaceuticals Inc.,Health Care,Major Pharmaceuticals
OSUR,"OraSure Technologies, Inc.",Health Care,Medical/Dental Instruments
ORTX,Orchard Therapeutics plc,Health Care,Biotechnology: Biological Products (No Diagnostic Substances)
OGI,Organigram Holdings Inc.,Health Care,Major Pharmaceuticals
ORGO,Organogenesis Holdings Inc. ,Health Care,Major Pharmaceuticals
ONVO,"Organovo Holdings, Inc.",Health Care,Biotechnology: Biological Products (No Diagnostic Substances)
ORGS,Orgenesis Inc.,Health Care,Major Pharmaceuticals
OFIX,Orthofix Medical Inc. ,Health Care,Medical/Dental Instruments
KIDS,OrthoPediatrics Corp.,Health Care,Medical/Dental Instruments
OSMT,Osmotica Pharmaceuticals plc,Health Care,Major Pharmaceuticals
OTIC,"Otonomy, Inc.",Health Care,Major Pharmaceuticals
OTLK,"Outlook Therapeutics, Inc.",Health Care,Biotechnology: Biological Products (No Diagnostic Substances)
OTLKW,"Outlook Therapeutics, Inc.",Health Care,Biotechnology: Biological Products (No Diagnostic Substances)
OVID,Ovid Therapeutics Inc.,Health Care,Major Pharmaceuticals
OMI,"Owens & Minor, Inc.",Health Care,Medical Specialities
OXFD,Oxford Immunotec Global PLC,Health Care,Biotechnology: In Vitro & In Vivo Diagnostic Substances
OYST,"Oyster Point Pharma, Inc.",Health Care,Biotechnology: Biological Products (No Diagnostic Substances)
PCRX,"Pacira BioSciences, Inc.",Health Care,Major Pharmaceuticals
PTN,"Palatin Technologies, Inc.",Health Care,Major Pharmaceuticals
PRTK,"Paratek Pharmaceuticals, Inc. ",Health Care,Major Pharmaceuticals
PDCO,"Patterson Companies, Inc.",Health Care,Medical Specialities
PAVM,PAVmed Inc.,Health Care,Medical/Dental Instruments
PAVMW,PAVmed Inc.,Health Care,Medical/Dental Instruments
PAVMZ,PAVmed Inc.,Health Care,Medical/Dental Instruments
PDLI,"PDL BioPharma, Inc.",Health Care,Biotechnology: Biological Products (No Diagnostic Substances)
PDSB,PDS Biotechnology Corporation,Health Care,Major Pharmaceuticals
PEN,"Penumbra, Inc.",Health Care,Medical/Dental Instruments
PRGO,Perrigo Company,Health Care,Major Pharmaceuticals
PSNL,"Personalis, Inc.",Health Care,Medical Specialities
PETQ,"PetIQ, Inc.",Health Care,Other Pharmaceuticals
PETS,"PetMed Express, Inc.",Health Care,Medical/Nursing Services
PFNX,Pfenex Inc.,Health Care,Major Pharmaceuticals
PFE,"Pfizer, Inc.",Health Care,Major Pharmaceuticals
PHAS,"PhaseBio Pharmaceuticals, Inc.",Health Care,Major Pharmaceuticals
PHAT,"Phathom Pharmaceuticals, Inc.",Health Care,Major Pharmaceuticals
PAHC,Phibro Animal Health Corporation,Health Care,Major Pharmaceuticals
PHIO,Phio Pharmaceuticals Corp.,Health Care,Major Pharmaceuticals
PHIOW,Phio Pharmaceuticals Corp.,Health Care,Major Pharmaceuticals
PIRS,"Pieris Pharmaceuticals, Inc.",Health Care,Biotechnology: Commercial Physical & Biological Resarch
PSTI,"Pluristem Therapeutics, Inc.",Health Care,Biotechnology: Biological Products (No Diagnostic Substances)
PSTV,"PLUS THERAPEUTICS, Inc.",Health Care,Medical/Dental Instruments
PSTVZ,"PLUS THERAPEUTICS, Inc.",Health Care,Medical/Dental Instruments
PLXP,PLx Pharma Inc.,Health Care,Major Pharmaceuticals
PTE,"PolarityTE, Inc.",Health Care,Biotechnology: Biological Products (No Diagnostic Substances)
PTLA,"Portola Pharmaceuticals, Inc.",Health Care,Major Pharmaceuticals
PRAH,"PRA Health Sciences, Inc.",Health Care,Biotechnology: Commercial Physical & Biological Resarch
PGEN,"Precigen, Inc.",Health Care,Biotechnology: Commercial Physical & Biological Resarch
DTIL,"Precision BioSciences, Inc.",Health Care,Biotechnology: Biological Products (No Diagnostic Substances)
POAI,Predictive Oncology Inc.,Health Care,Industrial Specialties
PBH,Prestige Consumer Healthcare Inc.,Health Care,Major Pharmaceuticals
PRVL,Prevail Therapeutics Inc.,Health Care,Biotechnology: Biological Products (No Diagnostic Substances)
PRNB,Principia Biopharma Inc.,Health Care,Major Pharmaceuticals
PDEX,"Pro-Dex, Inc.",Health Care,Medical/Dental Instruments
PROF,Profound Medical Corp.,Health Care,Medical/Dental Instruments
PGNX,Progenics Pharmaceuticals Inc.,Health Care,Major Pharmaceuticals
PGNY,"Progyny, Inc.",Health Care,Misc Health and Biotechnology Services
PRPH,"ProPhase Labs, Inc.",Health Care,Major Pharmaceuticals
PRQR,ProQR Therapeutics N.V.,Health Care,Major Pharmaceuticals
PTGX,"Protagonist Therapeutics, Inc.",Health Care,Major Pharmaceuticals
PLX,"Protalix BioTherapeutics, Inc.",Health Care,Biotechnology: Biological Products (No Diagnostic Substances)
PTI,"Proteostasis Therapeutics, Inc.",Health Care,Major Pharmaceuticals
PRTA,Prothena Corporation plc,Health Care,Major Pharmaceuticals
PRVB,"Provention Bio, Inc.",Health Care,Major Pharmaceuticals
PMD,Psychemedics Corporation,Health Care,Medical Specialities
PTCT,"PTC Therapeutics, Inc.",Health Care,Major Pharmaceuticals
PULM,"Pulmatrix, Inc.",Health Care,Major Pharmaceuticals
PLSE,"Pulse Biosciences, Inc",Health Care,Medical/Dental Instruments
PBYI,Puma Biotechnology Inc,Health Care,Major Pharmaceuticals
QGEN,Qiagen N.V.,Health Care,Biotechnology: Biological Products (No Diagnostic Substances)
DGX,Quest Diagnostics Incorporated,Health Care,Medical Specialities
QDEL,Quidel Corporation,Health Care,Biotechnology: In Vitro & In Vivo Diagnostic Substances
QHC,Quorum Health Corporation,Health Care,Hospital/Nursing Management
QTNT,Quotient Limited,Health Care,Biotechnology: In Vitro & In Vivo Diagnostic Substances
RMED,"Ra Medical Systems, Inc.",Health Care,Medical/Dental Instruments
RARX,"Ra Pharmaceuticals, Inc.",Health Care,Major Pharmaceuticals
RDUS,"Radius Health, Inc.",Health Care,Major Pharmaceuticals
RDNT,"RadNet, Inc.",Health Care,Medical Specialities
RAPT,"RAPT Therapeutics, Inc.",Health Care,Major Pharmaceuticals
RETA,"Reata Pharmaceuticals, Inc.",Health Care,Major Pharmaceuticals
REPH,"Recro Pharma, Inc.",Health Care,Major Pharmaceuticals
RDHL,Redhill Biopharma Ltd.,Health Care,Major Pharmaceuticals
REGN,"Regeneron Pharmaceuticals, Inc.",Health Care,Major Pharmaceuticals
RGNX,REGENXBIO Inc.,Health Care,Biotechnology: Biological Products (No Diagnostic Substances)
RHE,"Regional Health Properties, Inc.",Health Care,Hospital/Nursing Management
RGLS,Regulus Therapeutics Inc.,Health Care,Major Pharmaceuticals
RELV,"Reliv&#39; International, Inc.",Health Care,Major Pharmaceuticals
RLMD,"Relmada Therapeutics, Inc.",Health Care,Major Pharmaceuticals
RGEN,Repligen Corporation,Health Care,Biotechnology: Biological Products (No Diagnostic Substances)
REPL,"Replimune Group, Inc.",Health Care,Biotechnology: Biological Products (No Diagnostic Substances)
KRMD,"Repro Med Systems, Inc.",Health Care,Medical/Dental Instruments
RMD,ResMed Inc.,Health Care,Medical/Dental Instruments
TORC,"resTORbio, Inc.",Health Care,Major Pharmaceuticals
RVP,"Retractable Technologies, Inc.",Health Care,Medical/Dental Instruments
RTRX,"Retrophin, Inc.",Health Care,Major Pharmaceuticals
RVNC,"Revance Therapeutics, Inc.",Health Care,Major Pharmaceuticals
RWLK,ReWalk Robotics Ltd.,Health Care,Industrial Specialties
REXN,"Rexahn Pharmaceuticals, Inc.",Health Care,Major Pharmaceuticals
RYTM,"Rhythm Pharmaceuticals, Inc.",Health Care,Major Pharmaceuticals
RIGL,"Rigel Pharmaceuticals, Inc.",Health Care,Major Pharmaceuticals
RIOT,"Riot Blockchain, Inc",Health Care,Biotechnology: In Vitro & In Vivo Diagnostic Substances
RAD,Rite Aid Corporation,Health Care,Medical/Nursing Services
RTTR,"Ritter Pharmaceuticals, Inc.",Health Care,Major Pharmaceuticals
RCKT,"Rocket Pharmaceuticals, Inc.",Health Care,Major Pharmaceuticals
RMTI,"Rockwell Medical, Inc.",Health Care,Biotechnology: Electromedical & Electrotherapeutic Apparatus
RTIX,"RTI Surgical Holdings, Inc.",Health Care,Industrial Specialties
RUBY,"Rubius Therapeutics, Inc.",Health Care,Biotechnology: Biological Products (No Diagnostic Substances)
SAGE,"Sage Therapeutics, Inc.",Health Care,Major Pharmaceuticals
SLRX,"Salarius Pharmaceuticals, Inc.",Health Care,Major Pharmaceuticals
SGMO,"Sangamo Therapeutics, Inc.",Health Care,Biotechnology: Biological Products (No Diagnostic Substances)
GCVRZ,Sanofi,Health Care,Major Pharmaceuticals
SNY,Sanofi,Health Care,Major Pharmaceuticals
SRPT,"Sarepta Therapeutics, Inc.",Health Care,Major Pharmaceuticals
STSA,"Satsuma Pharmaceuticals, Inc.",Health Care,Major Pharmaceuticals
SVRA,"Savara, Inc.",Health Care,Major Pharmaceuticals
SRRK,Scholar Rock Holding Corporation,Health Care,Biotechnology: Biological Products (No Diagnostic Substances)
SCPH,scPharmaceuticals Inc.,Health Care,Major Pharmaceuticals
SCYX,"SCYNEXIS, Inc.",Health Care,Major Pharmaceuticals
SPNE,SeaSpine Holdings Corporation,Health Care,Medical/Dental Instruments
SGEN,"Seattle Genetics, Inc.",Health Care,Biotechnology: Biological Products (No Diagnostic Substances)
EYES,"Second Sight Medical Products, Inc.",Health Care,Biotechnology: Electromedical & Electrotherapeutic Apparatus
EYESW,"Second Sight Medical Products, Inc.",Health Care,Biotechnology: Electromedical & Electrotherapeutic Apparatus
SEEL,"Seelos Therapeutics, Inc.",Health Care,Major Pharmaceuticals
SEM,Select Medical Holdings Corporation,Health Care,Hospital/Nursing Management
SELB,"Selecta Biosciences, Inc.",Health Care,Major Pharmaceuticals
SLS,"SELLAS Life Sciences Group, Inc. ",Health Care,Major Pharmaceuticals
SNCA,"Seneca Biopharma, Inc.",Health Care,Biotechnology: Biological Products (No Diagnostic Substances)
SRTS,"Sensus Healthcare, Inc.",Health Care,Medical/Dental Instruments
SRTSW,"Sensus Healthcare, Inc.",Health Care,Medical/Dental Instruments
MCRB,"Seres Therapeutics, Inc.",Health Care,Major Pharmaceuticals
SESN,"Sesen Bio, Inc.",Health Care,Major Pharmaceuticals
SWAV,"ShockWave Medical, Inc.",Health Care,Medical/Dental Instruments
SIBN,"SI-BONE, Inc.",Health Care,Medical/Dental Instruments
SIEN,"Sientra, Inc.",Health Care,Industrial Specialties
SRRA,"Sierra Oncology, Inc.",Health Care,Major Pharmaceuticals
SIGA,SIGA Technologies Inc.,Health Care,Major Pharmaceuticals
SILK,"Silk Road Medical, Inc.",Health Care,Medical/Dental Instruments
SVA,"Sinovac Biotech, Ltd.",Health Care,Major Pharmaceuticals
SINT,"SiNtx Technologies, Inc.",Health Care,Medical/Dental Instruments
SDC,"SmileDirectClub, Inc.",Health Care,Medical/Dental Instruments
SNN,"Smith & Nephew SNATS, Inc.",Health Care,Industrial Specialties
SLNO,"Soleno Therapeutics, Inc.",Health Care,Biotechnology: Electromedical & Electrotherapeutic Apparatus
SLGL,Sol-Gel Technologies Ltd.,Health Care,Major Pharmaceuticals
SLDB,Solid Biosciences Inc.,Health Care,Biotechnology: Biological Products (No Diagnostic Substances)
SNGX,"Soligenix, Inc.",Health Care,Major Pharmaceuticals
SNGXW,"Soligenix, Inc.",Health Care,Major Pharmaceuticals
SOLY,"Soliton, Inc.",Health Care,Medical/Dental Instruments
SNOA,"Sonoma Pharmaceuticals, Inc.",Health Care,Major Pharmaceuticals
SPHS,"Sophiris Bio, Inc.",Health Care,Major Pharmaceuticals
SRNE,"Sorrento Therapeutics, Inc.",Health Care,Biotechnology: Biological Products (No Diagnostic Substances)
SPPI,"Spectrum Pharmaceuticals, Inc.",Health Care,Major Pharmaceuticals
SPRO,"Spero Therapeutics, Inc.",Health Care,Major Pharmaceuticals
SBPH,"Spring Bank Pharmaceuticals, Inc.",Health Care,Major Pharmaceuticals
SWTX,"SpringWorks Therapeutics, Inc.",Health Care,Biotechnology: Biological Products (No Diagnostic Substances)
STAA,STAAR Surgical Company,Health Care,Ophthalmic Goods
MITO,Stealth BioTherapeutics Corp.,Health Care,Major Pharmaceuticals
STML,"Stemline Therapeutics, Inc.",Health Care,Major Pharmaceuticals
STXS,"Stereotaxis, Inc.",Health Care,Biotechnology: Electromedical & Electrotherapeutic Apparatus
STE,STERIS plc,Health Care,Industrial Specialties
STOK,"Stoke Therapeutics, Inc.",Health Care,Major Pharmaceuticals
SSKN,"Strata Skin Sciences, Inc.",Health Care,Medical/Dental Instruments
SBBP,Strongbridge Biopharma plc,Health Care,Major Pharmaceuticals
SYK,Stryker Corporation,Health Care,Medical/Dental Instruments
SMMT,Summit Therapeutics plc,Health Care,Major Pharmaceuticals
SNSS,"Sunesis Pharmaceuticals, Inc.",Health Care,Major Pharmaceuticals
SSY,"SunLink Health Systems, Inc.",Health Care,Hospital/Nursing Management
SUPN,"Supernus Pharmaceuticals, Inc.",Health Care,Major Pharmaceuticals
SURF,"Surface Oncology, Inc.",Health Care,Biotechnology: Biological Products (No Diagnostic Substances)
SGRY,"Surgery Partners, Inc.",Health Care,Hospital/Nursing Management
SRDX,"Surmodics, Inc.",Health Care,Medical/Dental Instruments
STRO,"Sutro Biopharma, Inc.",Health Care,Biotechnology: Biological Products (No Diagnostic Substances)
SNDX,"Syndax Pharmaceuticals, Inc.",Health Care,Major Pharmaceuticals
SYNH,"Syneos Health, Inc.",Health Care,Biotechnology: Commercial Physical & Biological Resarch
SYBX,"Synlogic, Inc.",Health Care,Major Pharmaceuticals
SYN,"Synthetic Biologics, Inc",Health Care,Major Pharmaceuticals
SYRS,"Syros Pharmaceuticals, Inc.",Health Care,Major Pharmaceuticals
TTOO,"T2 Biosystems, Inc.",Health Care,Medical/Dental Instruments
TCMD,"Tactile Systems Technology, Inc.",Health Care,Medical/Dental Instruments
TLC,"Taiwan Liposome Company, Ltd.",Health Care,Major Pharmaceuticals
TAK,Takeda Pharmaceutical Company Limited,Health Care,Major Pharmaceuticals
TNDM,"Tandem Diabetes Care, Inc.",Health Care,Medical/Dental Instruments
TARO,Taro Pharmaceutical Industries Ltd.,Health Care,Major Pharmaceuticals
TCRR,TCR2 Therapeutics Inc.,Health Care,Biotechnology: Biological Products (No Diagnostic Substances)
TELA,"TELA Bio, Inc.",Health Care,Medical/Dental Instruments
TDOC,"Teladoc Health, Inc.",Health Care,Medical/Nursing Services
TFX,Teleflex Incorporated,Health Care,Medical/Dental Instruments
TLGT,"Teligent, Inc.",Health Care,Major Pharmaceuticals
TENX,"Tenax Therapeutics, Inc.",Health Care,Biotechnology: Commercial Physical & Biological Resarch
THC,Tenet Healthcare Corporation,Health Care,Hospital/Nursing Management
TTPH,"Tetraphase Pharmaceuticals, Inc.",Health Care,Major Pharmaceuticals
TEVA,Teva Pharmaceutical Industries Limited,Health Care,Major Pharmaceuticals
TFFP,"TFF Pharmaceuticals, Inc.",Health Care,Major Pharmaceuticals
TGTX,"TG Therapeutics, Inc.",Health Care,Major Pharmaceuticals
COO,"The Cooper Companies, Inc. ",Health Care,Ophthalmic Goods
ENSG,"The Ensign Group, Inc.",Health Care,Hospital/Nursing Management
PNTG,"The Pennant Group, Inc.",Health Care,Medical/Nursing Services
TXMD,"TherapeuticsMD, Inc.",Health Care,Major Pharmaceuticals
TRPX,Therapix Biosciences Ltd.,Health Care,Major Pharmaceuticals
THTX,Theratechnologies Inc.,Health Care,Major Pharmaceuticals
TBPH,"Theravance Biopharma, Inc.",Health Care,Major Pharmaceuticals
TMDI,Titan Medical Inc.,Health Care,Medical/Dental Instruments
TTNP,"Titan Pharmaceuticals, Inc.",Health Care,Biotechnology: Biological Products (No Diagnostic Substances)
TVTY,"Tivity Health, Inc.",Health Care,Misc Health and Biotechnology Services
TLSA,Tiziana Life Sciences plc,Health Care,Major Pharmaceuticals
TOCA,Tocagen Inc.,Health Care,Major Pharmaceuticals
TNXP,Tonix Pharmaceuticals Holding Corp.,Health Care,Major Pharmaceuticals
TCON,"TRACON Pharmaceuticals, Inc.",Health Care,Biotechnology: Biological Products (No Diagnostic Substances)
TRXC,"TransEnterix, Inc.",Health Care,Medical/Dental Instruments
TBIO,"Translate Bio, Inc.",Health Care,Biotechnology: Biological Products (No Diagnostic Substances)
TMDX,"TransMedics Group, Inc.",Health Care,Biotechnology: Electromedical & Electrotherapeutic Apparatus
TRVN,"Trevena, Inc.",Health Care,Major Pharmaceuticals
TRVI,"Trevi Therapeutics, Inc.",Health Care,Major Pharmaceuticals
TCDA,"Tricida, Inc.",Health Care,Major Pharmaceuticals
TRIL,Trillium Therapeutics Inc.,Health Care,Major Pharmaceuticals
TRIB,Trinity Biotech plc,Health Care,Biotechnology: In Vitro & In Vivo Diagnostic Substances
TROV,"TrovaGene, Inc.",Health Care,Biotechnology: Biological Products (No Diagnostic Substances)
TRUP,"Trupanion, Inc.",Health Care,Medical Specialities
TPTX,"Turning Point Therapeutics, Inc.",Health Care,Major Pharmaceuticals
TWST,Twist Bioscience Corporation,Health Care,Biotechnology: Biological Products (No Diagnostic Substances)
TYME,"Tyme Technologies, Inc.",Health Care,Major Pharmaceuticals
USPH,"U.S. Physical Therapy, Inc.",Health Care,Medical/Nursing Services
UFPT,"UFP Technologies, Inc.",Health Care,Medical/Dental Instruments
RARE,Ultragenyx Pharmaceutical Inc.,Health Care,Major Pharmaceuticals
QURE,uniQure N.V.,Health Care,Major Pharmaceuticals
UTHR,United Therapeutics Corporation,Health Care,Major Pharmaceuticals
UNH,UnitedHealth Group Incorporated,Health Care,Medical Specialities
UBX,"Unity Biotechnology, Inc.",Health Care,Major Pharmaceuticals
UHS,"Universal Health Services, Inc.",Health Care,Hospital/Nursing Management
UMRX,Unum Therapeutics Inc.,Health Care,Major Pharmaceuticals
URGN,UroGen Pharma Ltd.,Health Care,Major Pharmaceuticals
UROV,Urovant Sciences Ltd.,Health Care,Major Pharmaceuticals
UTMD,"Utah Medical Products, Inc.",Health Care,Medical/Dental Instruments
VCNX,"Vaccinex, Inc.",Health Care,Major Pharmaceuticals
VLRX,"Valeritas Holdings, Inc.",Health Care,Medical/Dental Instruments
VNDA,Vanda Pharmaceuticals Inc.,Health Care,Major Pharmaceuticals
VAPO,"Vapotherm, Inc.",Health Care,Medical/Dental Instruments
VAR,"Varian Medical Systems, Inc.",Health Care,Biotechnology: Electromedical & Electrotherapeutic Apparatus
VBLT,Vascular Biogenics Ltd.,Health Care,Major Pharmaceuticals
VXRT,"Vaxart, Inc.",Health Care,Biotechnology: Biological Products (No Diagnostic Substances)
VBIV,"VBI Vaccines, Inc.",Health Care,Major Pharmaceuticals
VERO,Venus Concept Inc. ,Health Care,Medical/Dental Instruments
VCYT,"Veracyte, Inc.",Health Care,Medical Specialities
VSTM,"Verastem, Inc.",Health Care,Major Pharmaceuticals
VCEL,Vericel Corporation,Health Care,Biotechnology: Biological Products (No Diagnostic Substances)
VRML,"Vermillion, Inc.",Health Care,Biotechnology: In Vitro & In Vivo Diagnostic Substances
VRNA,Verona Pharma plc,Health Care,Major Pharmaceuticals
VRCA,Verrica Pharmaceuticals Inc.,Health Care,Major Pharmaceuticals
VRTX,Vertex Pharmaceuticals Incorporated,Health Care,Major Pharmaceuticals
VERU,Veru Inc.,Health Care,Major Pharmaceuticals
VIE,"Viela Bio, Inc.",Health Care,Major Pharmaceuticals
VMD,"Viemed Healthcare, Inc.",Health Care,Misc Health and Biotechnology Services
VRAY,"ViewRay, Inc.",Health Care,Biotechnology: Electromedical & Electrotherapeutic Apparatus
VKTX,"Viking Therapeutics, Inc.",Health Care,Major Pharmaceuticals
VKTXW,"Viking Therapeutics, Inc.",Health Care,Major Pharmaceuticals
VIR,"Vir Biotechnology, Inc.",Health Care,Biotechnology: Biological Products (No Diagnostic Substances)
VTGN,"VistaGen Therapeutics, Inc.",Health Care,Major Pharmaceuticals
VIVE,"Viveve Medical, Inc.",Health Care,Biotechnology: Electromedical & Electrotherapeutic Apparatus
VVUS,"VIVUS, Inc.",Health Care,Major Pharmaceuticals
VNRX,VolitionRX Limited,Health Care,Biotechnology: In Vitro & In Vivo Diagnostic Substances
VYGR,"Voyager Therapeutics, Inc.",Health Care,Biotechnology: Biological Products (No Diagnostic Substances)
VTVT,vTv Therapeutics Inc.,Health Care,Major Pharmaceuticals
WBA,"Walgreens Boots Alliance, Inc.",Health Care,Medical/Nursing Services
WVE,WAVE Life Sciences Ltd.,Health Care,Major Pharmaceuticals
WMGI,Wright Medical Group N.V.,Health Care,Industrial Specialties
XFOR,"X4 Pharmaceuticals, Inc.",Health Care,Biotechnology: Biological Products (No Diagnostic Substances)
XBIT,XBiotech Inc.,Health Care,Major Pharmaceuticals
XNCR,"Xencor, Inc.",Health Care,Major Pharmaceuticals
XBIO,"Xenetic Biosciences, Inc.",Health Care,Major Pharmaceuticals
XBIOW,"Xenetic Biosciences, Inc.",Health Care,Major Pharmaceuticals
XENE,Xenon Pharmaceuticals Inc.,Health Care,Major Pharmaceuticals
XERS,"Xeris Pharmaceuticals, Inc.",Health Care,Major Pharmaceuticals
XOMA,XOMA Corporation,Health Care,Major Pharmaceuticals
XTNT,"Xtant Medical Holdings, Inc.",Health Care,Biotechnology: Biological Products (No Diagnostic Substances)
XTLB,XTL Biopharmaceuticals Ltd.,Health Care,Major Pharmaceuticals
YMAB,"Y-mAbs Therapeutics, Inc.",Health Care,Major Pharmaceuticals
ZFGN,"Zafgen, Inc.",Health Care,Major Pharmaceuticals
ZLAB,Zai Lab Limited,Health Care,Major Pharmaceuticals
ZEAL,Zealand Pharma A/S,Health Care,Major Pharmaceuticals
ZBH,"Zimmer Biomet Holdings, Inc.",Health Care,Industrial Specialties
ZIOP,ZIOPHARM Oncology Inc,Health Care,Major Pharmaceuticals
ZTS,Zoetis Inc.,Health Care,Major Pharmaceuticals
ZGNX,"Zogenix, Inc.",Health Care,Major Pharmaceuticals
ZOM,Zomedica Pharmaceuticals Corp.,Health Care,Major Pharmaceuticals
ZSAN,Zosano Pharma Corporation,Health Care,Major Pharmaceuticals
ZYME,Zymeworks Inc.,Health Care,Major Pharmaceuticals
ZYNE,"Zynerba Pharmaceuticals, Inc.",Health Care,Major Pharmaceuticals
ZYXI,"Zynex, Inc.",Health Care,Biotechnology: Electromedical & Electrotherapeutic Apparatus
